[2026-06-21 22:28:04] WebSocket Attempt
[2026-06-21 22:28:04] WebSocket Accepted
[2026-06-21 22:28:04] Twilio Stream Connected
[2026-06-21 22:28:04] Stream Started: MZ2a153dcfff0434c2f74aa311e245d389
[2026-06-21 22:28:04] Media Packet Received
[2026-06-21 22:28:04] Media Packet Received
[2026-06-21 22:28:04] Media Packet Received
[2026-06-21 22:28:04] Media Packet Received
[2026-06-21 22:28:04] Media Packet Received
[2026-06-21 22:28:04] Media Packet Received
[2026-06-21 22:28:04] Media Packet Received
[2026-06-21 22:28:04] Media Packet Received
[2026-06-21 22:28:04] Media Packet Received
[2026-06-21 22:28:04] Media Packet Received
[2026-06-21 22:28:04] Media Packet Received
[2026-06-21 22:28:04] Media Packet Received
[2026-06-21 22:28:04] Media Packet Received
[2026-06-21 22:28:04] Media Packet Received
[2026-06-21 22:28:04] Media Packet Received
[2026-06-21 22:28:04] Media Packet Received
[2026-06-21 22:28:04] Media Packet Received
[2026-06-21 22:28:04] Media Packet Received
[2026-06-21 22:28:04] Media Packet Received
[2026-06-21 22:28:04] Media Packet Received
[2026-06-21 22:28:04] Media Packet Received
[2026-06-21 22:28:04] Media Packet Received
[2026-06-21 22:28:04] Media Packet Received
[2026-06-21 22:28:04] Media Packet Received
[2026-06-21 22:28:04] Media Packet Received
[2026-06-21 22:28:04] Media Packet Received
[2026-06-21 22:28:04] Media Packet Received
[2026-06-21 22:28:05] Media Packet Received
[2026-06-21 22:28:05] Media Packet Received
[2026-06-21 22:28:05] Media Packet Received
[2026-06-21 22:28:05] Media Packet Received
[2026-06-21 22:28:05] Media Packet Received
[2026-06-21 22:28:05] Media Packet Received
[2026-06-21 22:28:05] Media Packet Received
[2026-06-21 22:28:05] Media Packet Received
[2026-06-21 22:28:05] Media Packet Received
[2026-06-21 22:28:05] Media Packet Received
[2026-06-21 22:28:05] Media Packet Received
[2026-06-21 22:28:05] Media Packet Received
[2026-06-21 22:28:05] Media Packet Received
[2026-06-21 22:28:05] Media Packet Received
[2026-06-21 22:28:05] Media Packet Received
[2026-06-21 22:28:05] Media Packet Received
[2026-06-21 22:28:05] Media Packet Received
[2026-06-21 22:28:05] Media Packet Received
[2026-06-21 22:28:05] Media Packet Received
[2026-06-21 22:28:05] Media Packet Received
[2026-06-21 22:28:05] Media Packet Received
[2026-06-21 22:28:05] Media Packet Received
[2026-06-21 22:28:05] Media Packet Received
[2026-06-21 22:28:05] Media Packet Received
[2026-06-21 22:28:05] Media Packet Received
[2026-06-21 22:28:05] Media Packet Received
[2026-06-21 22:28:05] Media Packet Received
[2026-06-21 22:28:05] Media Packet Received
[2026-06-21 22:28:05] Media Packet Received
[2026-06-21 22:28:05] Media Packet Received
[2026-06-21 22:28:05] Media Packet Received
[2026-06-21 22:28:05] Media Packet Received
[2026-06-21 22:28:05] Media Packet Received
[2026-06-21 22:28:05] Media Packet Received
[2026-06-21 22:28:05] Media Packet Received
[2026-06-21 22:28:05] Media Packet Received
[2026-06-21 22:28:05] Media Packet Received
[2026-06-21 22:28:05] Media Packet Received
[2026-06-21 22:28:05] Media Packet Received
[2026-06-21 22:28:05] Media Packet Received
[2026-06-21 22:28:05] Media Packet Received
[2026-06-21 22:28:05] Media Packet Received
[2026-06-21 22:28:05] Media Packet Received
[2026-06-21 22:28:05] Media Packet Received
[2026-06-21 22:28:05] Media Packet Received
[2026-06-21 22:28:05] Media Packet Received
[2026-06-21 22:28:05] Media Packet Received
[2026-06-21 22:28:05] Media Packet Received
[2026-06-21 22:28:05] Media Packet Received
[2026-06-21 22:28:05] Media Packet Received
[2026-06-21 22:28:06] Media Packet Received
[2026-06-21 22:28:06] Media Packet Received
[2026-06-21 22:28:06] Media Packet Received
[2026-06-21 22:28:06] Media Packet Received
[2026-06-21 22:28:06] Media Packet Received
[2026-06-21 22:28:06] Media Packet Received
[2026-06-21 22:28:06] Media Packet Received
[2026-06-21 22:28:06] Media Packet Received
[2026-06-21 22:28:06] Media Packet Received
[2026-06-21 22:28:06] Media Packet Received
[2026-06-21 22:28:06] Media Packet Received
[2026-06-21 22:28:06] Media Packet Received
[2026-06-21 22:28:06] Media Packet Received
[2026-06-21 22:28:06] Media Packet Received
[2026-06-21 22:28:06] Media Packet Received
[2026-06-21 22:28:06] Media Packet Received
[2026-06-21 22:28:06] Media Packet Received
[2026-06-21 22:28:06] Media Packet Received
[2026-06-21 22:28:06] Media Packet Received
[2026-06-21 22:28:06] Media Packet Received
[2026-06-21 22:28:06] Media Packet Received
[2026-06-21 22:28:06] Media Packet Received
[2026-06-21 22:28:06] Media Packet Received
[2026-06-21 22:28:06] Media Packet Received
[2026-06-21 22:28:06] Media Packet Received
[2026-06-21 22:28:06] Media Packet Received
[2026-06-21 22:28:06] Media Packet Received
[2026-06-21 22:28:06] Media Packet Received
[2026-06-21 22:28:06] Media Packet Received
[2026-06-21 22:28:06] Media Packet Received
[2026-06-21 22:28:06] Media Packet Received
[2026-06-21 22:28:06] Media Packet Received
[2026-06-21 22:28:06] Media Packet Received
[2026-06-21 22:28:06] Media Packet Received
[2026-06-21 22:28:06] Media Packet Received
[2026-06-21 22:28:06] Media Packet Received
[2026-06-21 22:28:06] Media Packet Received
[2026-06-21 22:28:06] Media Packet Received
[2026-06-21 22:28:06] Media Packet Received
[2026-06-21 22:28:06] Media Packet Received
[2026-06-21 22:28:06] Media Packet Received
[2026-06-21 22:28:06] Media Packet Received
[2026-06-21 22:28:06] Media Packet Received
[2026-06-21 22:28:06] Media Packet Received
[2026-06-21 22:28:06] Media Packet Received
[2026-06-21 22:28:06] Media Packet Received
[2026-06-21 22:28:06] Media Packet Received
[2026-06-21 22:28:06] Media Packet Received
[2026-06-21 22:28:06] Media Packet Received
[2026-06-21 22:28:06] Media Packet Received
[2026-06-21 22:28:07] Media Packet Received
[2026-06-21 22:28:07] Media Packet Received
[2026-06-21 22:28:07] Media Packet Received
[2026-06-21 22:28:07] Media Packet Received
[2026-06-21 22:28:07] Media Packet Received
[2026-06-21 22:28:07] Media Packet Received
[2026-06-21 22:28:07] Media Packet Received
[2026-06-21 22:28:07] Media Packet Received
[2026-06-21 22:28:07] Media Packet Received
[2026-06-21 22:28:07] Media Packet Received
[2026-06-21 22:28:07] Media Packet Received
[2026-06-21 22:28:07] Media Packet Received
[2026-06-21 22:28:07] Media Packet Received
[2026-06-21 22:28:07] Media Packet Received
[2026-06-21 22:28:07] Media Packet Received
[2026-06-21 22:28:07] Media Packet Received
[2026-06-21 22:28:07] Media Packet Received
[2026-06-21 22:28:07] Media Packet Received
[2026-06-21 22:28:07] Media Packet Received
[2026-06-21 22:28:07] Media Packet Received
[2026-06-21 22:28:07] Media Packet Received
[2026-06-21 22:28:07] Media Packet Received
[2026-06-21 22:28:07] Media Packet Received
[2026-06-21 22:28:07] Media Packet Received
[2026-06-21 22:28:07] Media Packet Received
[2026-06-21 22:28:07] Media Packet Received
[2026-06-21 22:28:07] Media Packet Received
[2026-06-21 22:28:07] Media Packet Received
[2026-06-21 22:28:07] Media Packet Received
[2026-06-21 22:28:07] Media Packet Received
[2026-06-21 22:28:07] Media Packet Received
[2026-06-21 22:28:07] Media Packet Received
[2026-06-21 22:28:07] Media Packet Received
[2026-06-21 22:28:07] Media Packet Received
[2026-06-21 22:28:07] Media Packet Received
[2026-06-21 22:28:07] Media Packet Received
[2026-06-21 22:28:07] Media Packet Received
[2026-06-21 22:28:07] Media Packet Received
[2026-06-21 22:28:07] Media Packet Received
[2026-06-21 22:28:07] Media Packet Received
[2026-06-21 22:28:07] Media Packet Received
[2026-06-21 22:28:07] Media Packet Received
[2026-06-21 22:28:07] Media Packet Received
[2026-06-21 22:28:07] Media Packet Received
[2026-06-21 22:28:07] Media Packet Received
[2026-06-21 22:28:07] Media Packet Received
[2026-06-21 22:28:07] Media Packet Received
[2026-06-21 22:28:07] Media Packet Received
[2026-06-21 22:28:07] Media Packet Received
[2026-06-21 22:28:07] Media Packet Received
[2026-06-21 22:28:08] Media Packet Received
[2026-06-21 22:28:08] Media Packet Received
[2026-06-21 22:28:08] Media Packet Received
[2026-06-21 22:28:08] Media Packet Received
[2026-06-21 22:28:08] Media Packet Received
[2026-06-21 22:28:08] Media Packet Received
[2026-06-21 22:28:08] Media Packet Received
[2026-06-21 22:28:08] Media Packet Received
[2026-06-21 22:28:08] Media Packet Received
[2026-06-21 22:28:08] Media Packet Received
[2026-06-21 22:28:08] Media Packet Received
[2026-06-21 22:28:08] Media Packet Received
[2026-06-21 22:28:08] Media Packet Received
[2026-06-21 22:28:08] Media Packet Received
[2026-06-21 22:28:08] Media Packet Received
[2026-06-21 22:28:08] Media Packet Received
[2026-06-21 22:28:08] Media Packet Received
[2026-06-21 22:28:08] Media Packet Received
[2026-06-21 22:28:08] Media Packet Received
[2026-06-21 22:28:08] Media Packet Received
[2026-06-21 22:28:08] Media Packet Received
[2026-06-21 22:28:08] Media Packet Received
[2026-06-21 22:28:08] Media Packet Received
[2026-06-21 22:28:08] Media Packet Received
[2026-06-21 22:28:08] Media Packet Received
[2026-06-21 22:28:08] Media Packet Received
[2026-06-21 22:28:08] Media Packet Received
[2026-06-21 22:28:08] Media Packet Received
[2026-06-21 22:28:08] Media Packet Received
[2026-06-21 22:28:08] Media Packet Received
[2026-06-21 22:28:08] Media Packet Received
[2026-06-21 22:28:08] Media Packet Received
[2026-06-21 22:28:08] Media Packet Received
[2026-06-21 22:28:08] Media Packet Received
[2026-06-21 22:28:08] Media Packet Received
[2026-06-21 22:28:08] Media Packet Received
[2026-06-21 22:28:08] Media Packet Received
[2026-06-21 22:28:08] Media Packet Received
[2026-06-21 22:28:08] Media Packet Received
[2026-06-21 22:28:08] Media Packet Received
[2026-06-21 22:28:08] Media Packet Received
[2026-06-21 22:28:08] Media Packet Received
[2026-06-21 22:28:08] Media Packet Received
[2026-06-21 22:28:08] Media Packet Received
[2026-06-21 22:28:08] Media Packet Received
[2026-06-21 22:28:08] Media Packet Received
[2026-06-21 22:28:08] Media Packet Received
[2026-06-21 22:28:08] Media Packet Received
[2026-06-21 22:28:08] Media Packet Received
[2026-06-21 22:28:09] Media Packet Received
[2026-06-21 22:28:09] Media Packet Received
[2026-06-21 22:28:09] Media Packet Received
[2026-06-21 22:28:09] Media Packet Received
[2026-06-21 22:28:09] Media Packet Received
[2026-06-21 22:28:09] Media Packet Received
[2026-06-21 22:28:09] Media Packet Received
[2026-06-21 22:28:09] Media Packet Received
[2026-06-21 22:28:09] Media Packet Received
[2026-06-21 22:28:09] Media Packet Received
[2026-06-21 22:28:09] Media Packet Received
[2026-06-21 22:28:09] Media Packet Received
[2026-06-21 22:28:09] Media Packet Received
[2026-06-21 22:28:09] Media Packet Received
[2026-06-21 22:28:09] Media Packet Received
[2026-06-21 22:28:09] Media Packet Received
[2026-06-21 22:28:09] Media Packet Received
[2026-06-21 22:28:09] Media Packet Received
[2026-06-21 22:28:09] Media Packet Received
[2026-06-21 22:28:09] Media Packet Received
[2026-06-21 22:28:09] Media Packet Received
[2026-06-21 22:28:09] Media Packet Received
[2026-06-21 22:28:09] Media Packet Received
[2026-06-21 22:28:09] Media Packet Received
[2026-06-21 22:28:09] Media Packet Received
[2026-06-21 22:28:09] Media Packet Received
[2026-06-21 22:28:09] Media Packet Received
[2026-06-21 22:28:09] Media Packet Received
[2026-06-21 22:28:09] Media Packet Received
[2026-06-21 22:28:09] Media Packet Received
[2026-06-21 22:28:09] Media Packet Received
[2026-06-21 22:28:09] Media Packet Received
[2026-06-21 22:28:09] Media Packet Received
[2026-06-21 22:28:09] Media Packet Received
[2026-06-21 22:28:09] Media Packet Received
[2026-06-21 22:28:09] Media Packet Received
[2026-06-21 22:28:09] Media Packet Received
[2026-06-21 22:28:09] Media Packet Received
[2026-06-21 22:28:09] Media Packet Received
[2026-06-21 22:28:09] Media Packet Received
[2026-06-21 22:28:09] Media Packet Received
[2026-06-21 22:28:09] Media Packet Received
[2026-06-21 22:28:09] Media Packet Received
[2026-06-21 22:28:09] Media Packet Received
[2026-06-21 22:28:09] Media Packet Received
[2026-06-21 22:28:09] Media Packet Received
[2026-06-21 22:28:09] Media Packet Received
[2026-06-21 22:28:09] Media Packet Received
[2026-06-21 22:28:09] Media Packet Received
[2026-06-21 22:28:09] Media Packet Received
[2026-06-21 22:28:10] Media Packet Received
[2026-06-21 22:28:10] Media Packet Received
[2026-06-21 22:28:10] Media Packet Received
[2026-06-21 22:28:10] Media Packet Received
[2026-06-21 22:28:10] Media Packet Received
[2026-06-21 22:28:10] Media Packet Received
[2026-06-21 22:28:10] Media Packet Received
[2026-06-21 22:28:10] Media Packet Received
[2026-06-21 22:28:10] Media Packet Received
[2026-06-21 22:28:10] Media Packet Received
[2026-06-21 22:28:10] Media Packet Received
[2026-06-21 22:28:10] Media Packet Received
[2026-06-21 22:28:10] Media Packet Received
[2026-06-21 22:28:10] Media Packet Received
[2026-06-21 22:28:10] Media Packet Received
[2026-06-21 22:28:10] Media Packet Received
[2026-06-21 22:28:10] Media Packet Received
[2026-06-21 22:28:10] Media Packet Received
[2026-06-21 22:28:10] Media Packet Received
[2026-06-21 22:28:10] Media Packet Received
[2026-06-21 22:28:10] Media Packet Received
[2026-06-21 22:28:10] Media Packet Received
[2026-06-21 22:28:10] Media Packet Received
[2026-06-21 22:28:10] Media Packet Received
[2026-06-21 22:28:10] Media Packet Received
[2026-06-21 22:28:10] Media Packet Received
[2026-06-21 22:28:10] Media Packet Received
[2026-06-21 22:28:10] Media Packet Received
[2026-06-21 22:28:10] Media Packet Received
[2026-06-21 22:28:10] Media Packet Received
[2026-06-21 22:28:10] Media Packet Received
[2026-06-21 22:28:10] Media Packet Received
[2026-06-21 22:28:10] Media Packet Received
[2026-06-21 22:28:10] Media Packet Received
[2026-06-21 22:28:10] Media Packet Received
[2026-06-21 22:28:10] Media Packet Received
[2026-06-21 22:28:10] Media Packet Received
[2026-06-21 22:28:10] Media Packet Received
[2026-06-21 22:28:10] Media Packet Received
[2026-06-21 22:28:10] Media Packet Received
[2026-06-21 22:28:10] Media Packet Received
[2026-06-21 22:28:10] Media Packet Received
[2026-06-21 22:28:10] Media Packet Received
[2026-06-21 22:28:10] Media Packet Received
[2026-06-21 22:28:10] Media Packet Received
[2026-06-21 22:28:10] Media Packet Received
[2026-06-21 22:28:10] Media Packet Received
[2026-06-21 22:28:10] Media Packet Received
[2026-06-21 22:28:10] Media Packet Received
[2026-06-21 22:28:10] Media Packet Received
[2026-06-21 22:28:11] Media Packet Received
[2026-06-21 22:28:11] Media Packet Received
[2026-06-21 22:28:11] Media Packet Received
[2026-06-21 22:28:11] Media Packet Received
[2026-06-21 22:28:11] Media Packet Received
[2026-06-21 22:28:11] Media Packet Received
[2026-06-21 22:28:11] Media Packet Received
[2026-06-21 22:28:11] Media Packet Received
[2026-06-21 22:28:11] Media Packet Received
[2026-06-21 22:28:11] Media Packet Received
[2026-06-21 22:28:11] Media Packet Received
[2026-06-21 22:28:11] Media Packet Received
[2026-06-21 22:28:11] Media Packet Received
[2026-06-21 22:28:11] Media Packet Received
[2026-06-21 22:28:11] Media Packet Received
[2026-06-21 22:28:11] Media Packet Received
[2026-06-21 22:28:11] Media Packet Received
[2026-06-21 22:28:11] Media Packet Received
[2026-06-21 22:28:11] Media Packet Received
[2026-06-21 22:28:11] Media Packet Received
[2026-06-21 22:28:11] Media Packet Received
[2026-06-21 22:28:11] Media Packet Received
[2026-06-21 22:28:11] Media Packet Received
[2026-06-21 22:28:11] Media Packet Received
[2026-06-21 22:28:11] Media Packet Received
[2026-06-21 22:28:11] Media Packet Received
[2026-06-21 22:28:11] Media Packet Received
[2026-06-21 22:28:11] Media Packet Received
[2026-06-21 22:28:11] Media Packet Received
[2026-06-21 22:28:11] Media Packet Received
[2026-06-21 22:28:11] Media Packet Received
[2026-06-21 22:28:11] Media Packet Received
[2026-06-21 22:28:11] Media Packet Received
[2026-06-21 22:28:11] Media Packet Received
[2026-06-21 22:28:11] Media Packet Received
[2026-06-21 22:28:11] Media Packet Received
[2026-06-21 22:28:11] Media Packet Received
[2026-06-21 22:28:11] Media Packet Received
[2026-06-21 22:28:11] Media Packet Received
[2026-06-21 22:28:11] Media Packet Received
[2026-06-21 22:28:11] Media Packet Received
[2026-06-21 22:28:11] Media Packet Received
[2026-06-21 22:28:11] Media Packet Received
[2026-06-21 22:28:11] Media Packet Received
[2026-06-21 22:28:11] Media Packet Received
[2026-06-21 22:28:11] Media Packet Received
[2026-06-21 22:28:11] Media Packet Received
[2026-06-21 22:28:11] Media Packet Received
[2026-06-21 22:28:11] Media Packet Received
[2026-06-21 22:28:11] Media Packet Received
[2026-06-21 22:28:12] Media Packet Received
[2026-06-21 22:28:12] Media Packet Received
[2026-06-21 22:28:12] Media Packet Received
[2026-06-21 22:28:12] Media Packet Received
[2026-06-21 22:28:12] Media Packet Received
[2026-06-21 22:28:12] Media Packet Received
[2026-06-21 22:28:12] Media Packet Received
[2026-06-21 22:28:12] Media Packet Received
[2026-06-21 22:28:12] Media Packet Received
[2026-06-21 22:28:12] Media Packet Received
[2026-06-21 22:28:12] Media Packet Received
[2026-06-21 22:28:12] Media Packet Received
[2026-06-21 22:28:12] Media Packet Received
[2026-06-21 22:28:12] Media Packet Received
[2026-06-21 22:28:12] Media Packet Received
[2026-06-21 22:28:12] Media Packet Received
[2026-06-21 22:28:12] Media Packet Received
[2026-06-21 22:28:12] Media Packet Received
[2026-06-21 22:28:12] Media Packet Received
[2026-06-21 22:28:12] Media Packet Received
[2026-06-21 22:28:12] Media Packet Received
[2026-06-21 22:28:12] Media Packet Received
[2026-06-21 22:28:12] Media Packet Received
[2026-06-21 22:28:12] Media Packet Received
[2026-06-21 22:28:12] Media Packet Received
[2026-06-21 22:28:12] Media Packet Received
[2026-06-21 22:28:12] Media Packet Received
[2026-06-21 22:28:12] Media Packet Received
[2026-06-21 22:28:12] Media Packet Received
[2026-06-21 22:28:12] Media Packet Received
[2026-06-21 22:28:12] Media Packet Received
[2026-06-21 22:28:12] Media Packet Received
[2026-06-21 22:28:12] Media Packet Received
[2026-06-21 22:28:12] Media Packet Received
[2026-06-21 22:28:12] Media Packet Received
[2026-06-21 22:28:12] Media Packet Received
[2026-06-21 22:28:12] Media Packet Received
[2026-06-21 22:28:12] Media Packet Received
[2026-06-21 22:28:12] Media Packet Received
[2026-06-21 22:28:12] Media Packet Received
[2026-06-21 22:28:12] Media Packet Received
[2026-06-21 22:28:12] Media Packet Received
[2026-06-21 22:28:12] Media Packet Received
[2026-06-21 22:28:12] Media Packet Received
[2026-06-21 22:28:12] Media Packet Received
[2026-06-21 22:28:12] Media Packet Received
[2026-06-21 22:28:12] Media Packet Received
[2026-06-21 22:28:12] Media Packet Received
[2026-06-21 22:28:12] Media Packet Received
[2026-06-21 22:28:12] Media Packet Received
[2026-06-21 22:28:13] Media Packet Received
[2026-06-21 22:28:13] Media Packet Received
[2026-06-21 22:28:13] Media Packet Received
[2026-06-21 22:28:13] Media Packet Received
[2026-06-21 22:28:13] Media Packet Received
[2026-06-21 22:28:13] Media Packet Received
[2026-06-21 22:28:13] Media Packet Received
[2026-06-21 22:28:13] Media Packet Received
[2026-06-21 22:28:13] Media Packet Received
[2026-06-21 22:28:13] Media Packet Received
[2026-06-21 22:28:13] Media Packet Received
[2026-06-21 22:28:13] Media Packet Received
[2026-06-21 22:28:13] Media Packet Received
[2026-06-21 22:28:13] Media Packet Received
[2026-06-21 22:28:13] Media Packet Received
[2026-06-21 22:28:13] Media Packet Received
[2026-06-21 22:28:13] Media Packet Received
[2026-06-21 22:28:13] Media Packet Received
[2026-06-21 22:28:13] Media Packet Received
[2026-06-21 22:28:13] Media Packet Received
[2026-06-21 22:28:13] Media Packet Received
[2026-06-21 22:28:13] Media Packet Received
[2026-06-21 22:28:13] Media Packet Received
[2026-06-21 22:28:13] Media Packet Received
[2026-06-21 22:28:13] Media Packet Received
[2026-06-21 22:28:13] Media Packet Received
[2026-06-21 22:28:13] Media Packet Received
[2026-06-21 22:28:13] Media Packet Received
[2026-06-21 22:28:13] Media Packet Received
[2026-06-21 22:28:13] Media Packet Received
[2026-06-21 22:28:13] Media Packet Received
[2026-06-21 22:28:13] Media Packet Received
[2026-06-21 22:28:13] Media Packet Received
[2026-06-21 22:28:13] Media Packet Received
[2026-06-21 22:28:13] Media Packet Received
[2026-06-21 22:28:13] Media Packet Received
[2026-06-21 22:28:13] Media Packet Received
[2026-06-21 22:28:13] Media Packet Received
[2026-06-21 22:28:13] Media Packet Received
[2026-06-21 22:28:13] Media Packet Received
[2026-06-21 22:28:13] Media Packet Received
[2026-06-21 22:28:13] Media Packet Received
[2026-06-21 22:28:13] Media Packet Received
[2026-06-21 22:28:13] Media Packet Received
[2026-06-21 22:28:13] Media Packet Received
[2026-06-21 22:28:13] Media Packet Received
[2026-06-21 22:28:13] Media Packet Received
[2026-06-21 22:28:13] Media Packet Received
[2026-06-21 22:28:13] Media Packet Received
[2026-06-21 22:28:13] Media Packet Received
[2026-06-21 22:28:14] Media Packet Received
[2026-06-21 22:28:14] Media Packet Received
[2026-06-21 22:28:14] Media Packet Received
[2026-06-21 22:28:14] Media Packet Received
[2026-06-21 22:28:14] Media Packet Received
[2026-06-21 22:28:14] Media Packet Received
[2026-06-21 22:28:14] Media Packet Received
[2026-06-21 22:28:14] Media Packet Received
[2026-06-21 22:28:14] Media Packet Received
[2026-06-21 22:28:14] Media Packet Received
[2026-06-21 22:28:14] Media Packet Received
[2026-06-21 22:28:14] Media Packet Received
[2026-06-21 22:28:14] Media Packet Received
[2026-06-21 22:28:14] Media Packet Received
[2026-06-21 22:28:14] Media Packet Received
[2026-06-21 22:28:14] Media Packet Received
[2026-06-21 22:28:14] Media Packet Received
[2026-06-21 22:28:14] Media Packet Received
[2026-06-21 22:28:14] Media Packet Received
[2026-06-21 22:28:14] Media Packet Received
[2026-06-21 22:28:14] Media Packet Received
[2026-06-21 22:28:14] Media Packet Received
[2026-06-21 22:28:14] Media Packet Received
[2026-06-21 22:28:14] Media Packet Received
[2026-06-21 22:28:14] Media Packet Received
[2026-06-21 22:28:14] Media Packet Received
[2026-06-21 22:28:14] Media Packet Received
[2026-06-21 22:28:14] Media Packet Received
[2026-06-21 22:28:14] Media Packet Received
[2026-06-21 22:28:14] Media Packet Received
[2026-06-21 22:28:14] Media Packet Received
[2026-06-21 22:28:14] Media Packet Received
[2026-06-21 22:28:14] Media Packet Received
[2026-06-21 22:28:14] Media Packet Received
[2026-06-21 22:28:14] Media Packet Received
[2026-06-21 22:28:14] Media Packet Received
[2026-06-21 22:28:14] Media Packet Received
[2026-06-21 22:28:14] Media Packet Received
[2026-06-21 22:28:14] Media Packet Received
[2026-06-21 22:28:14] Media Packet Received
[2026-06-21 22:28:14] Media Packet Received
[2026-06-21 22:28:14] Media Packet Received
[2026-06-21 22:28:14] Media Packet Received
[2026-06-21 22:28:14] Media Packet Received
[2026-06-21 22:28:14] Media Packet Received
[2026-06-21 22:28:14] Media Packet Received
[2026-06-21 22:28:14] Media Packet Received
[2026-06-21 22:28:14] Media Packet Received
[2026-06-21 22:28:14] Media Packet Received
[2026-06-21 22:28:14] Media Packet Received
[2026-06-21 22:28:15] Media Packet Received
[2026-06-21 22:28:15] Media Packet Received
[2026-06-21 22:28:15] Media Packet Received
[2026-06-21 22:28:15] Media Packet Received
[2026-06-21 22:28:15] Media Packet Received
[2026-06-21 22:28:15] Media Packet Received
[2026-06-21 22:28:15] Media Packet Received
[2026-06-21 22:28:15] Media Packet Received
[2026-06-21 22:28:15] Media Packet Received
[2026-06-21 22:28:15] Media Packet Received
[2026-06-21 22:28:15] Media Packet Received
[2026-06-21 22:28:15] Media Packet Received
[2026-06-21 22:28:15] Media Packet Received
[2026-06-21 22:28:15] Media Packet Received
[2026-06-21 22:28:15] Media Packet Received
[2026-06-21 22:28:15] Media Packet Received
[2026-06-21 22:28:15] Media Packet Received
[2026-06-21 22:28:15] Media Packet Received
[2026-06-21 22:28:15] Media Packet Received
[2026-06-21 22:28:15] Media Packet Received
[2026-06-21 22:28:15] Media Packet Received
[2026-06-21 22:28:15] Media Packet Received
[2026-06-21 22:28:15] Media Packet Received
[2026-06-21 22:28:15] Media Packet Received
[2026-06-21 22:28:15] Media Packet Received
[2026-06-21 22:28:15] Media Packet Received
[2026-06-21 22:28:15] Media Packet Received
[2026-06-21 22:28:15] Media Packet Received
[2026-06-21 22:28:15] Media Packet Received
[2026-06-21 22:28:15] Media Packet Received
[2026-06-21 22:28:15] Media Packet Received
[2026-06-21 22:28:15] Media Packet Received
[2026-06-21 22:28:15] Media Packet Received
[2026-06-21 22:28:15] Media Packet Received
[2026-06-21 22:28:15] Media Packet Received
[2026-06-21 22:28:15] Media Packet Received
[2026-06-21 22:28:15] Media Packet Received
[2026-06-21 22:28:15] Media Packet Received
[2026-06-21 22:28:15] Media Packet Received
[2026-06-21 22:28:15] Media Packet Received
[2026-06-21 22:28:15] Media Packet Received
[2026-06-21 22:28:15] Media Packet Received
[2026-06-21 22:28:15] Media Packet Received
[2026-06-21 22:28:15] Media Packet Received
[2026-06-21 22:28:15] Media Packet Received
[2026-06-21 22:28:15] Media Packet Received
[2026-06-21 22:28:15] Media Packet Received
[2026-06-21 22:28:15] Media Packet Received
[2026-06-21 22:28:15] Media Packet Received
[2026-06-21 22:28:15] Media Packet Received
[2026-06-21 22:28:16] Media Packet Received
[2026-06-21 22:28:16] Media Packet Received
[2026-06-21 22:28:16] Media Packet Received
[2026-06-21 22:28:16] Media Packet Received
[2026-06-21 22:28:16] Media Packet Received
[2026-06-21 22:28:16] Media Packet Received
[2026-06-21 22:28:16] Media Packet Received
[2026-06-21 22:28:16] Media Packet Received
[2026-06-21 22:28:16] Media Packet Received
[2026-06-21 22:28:16] Media Packet Received
[2026-06-21 22:28:16] Media Packet Received
[2026-06-21 22:28:16] Media Packet Received
[2026-06-21 22:28:16] Media Packet Received
[2026-06-21 22:28:16] Media Packet Received
[2026-06-21 22:28:16] Media Packet Received
[2026-06-21 22:28:16] Media Packet Received
[2026-06-21 22:28:16] Media Packet Received
[2026-06-21 22:28:16] Media Packet Received
[2026-06-21 22:28:16] Media Packet Received
[2026-06-21 22:28:16] Media Packet Received
[2026-06-21 22:28:16] Media Packet Received
[2026-06-21 22:28:16] Media Packet Received
[2026-06-21 22:28:16] Media Packet Received
[2026-06-21 22:28:16] Media Packet Received
[2026-06-21 22:28:16] Media Packet Received
[2026-06-21 22:28:16] Media Packet Received
[2026-06-21 22:28:16] Media Packet Received
[2026-06-21 22:28:16] Media Packet Received
[2026-06-21 22:28:16] Media Packet Received
[2026-06-21 22:28:16] Media Packet Received
[2026-06-21 22:28:16] Media Packet Received
[2026-06-21 22:28:16] Media Packet Received
[2026-06-21 22:28:16] Media Packet Received
[2026-06-21 22:28:16] Media Packet Received
[2026-06-21 22:28:16] Media Packet Received
[2026-06-21 22:28:16] Media Packet Received
[2026-06-21 22:28:16] Media Packet Received
[2026-06-21 22:28:16] Media Packet Received
[2026-06-21 22:28:16] Media Packet Received
[2026-06-21 22:28:16] Media Packet Received
[2026-06-21 22:28:16] Media Packet Received
[2026-06-21 22:28:16] Media Packet Received
[2026-06-21 22:28:16] Media Packet Received
[2026-06-21 22:28:16] Media Packet Received
[2026-06-21 22:28:16] Media Packet Received
[2026-06-21 22:28:16] Media Packet Received
[2026-06-21 22:28:16] Media Packet Received
[2026-06-21 22:28:16] Media Packet Received
[2026-06-21 22:28:16] Media Packet Received
[2026-06-21 22:28:16] Media Packet Received
[2026-06-21 22:28:17] Media Packet Received
[2026-06-21 22:28:17] Media Packet Received
[2026-06-21 22:28:17] Media Packet Received
[2026-06-21 22:28:17] Media Packet Received
[2026-06-21 22:28:17] Media Packet Received
[2026-06-21 22:28:17] Media Packet Received
[2026-06-21 22:28:17] Media Packet Received
[2026-06-21 22:28:17] Media Packet Received
[2026-06-21 22:28:17] Media Packet Received
[2026-06-21 22:28:17] Media Packet Received
[2026-06-21 22:28:17] Media Packet Received
[2026-06-21 22:28:17] Media Packet Received
[2026-06-21 22:28:17] Media Packet Received
[2026-06-21 22:28:17] Media Packet Received
[2026-06-21 22:28:17] Media Packet Received
[2026-06-21 22:28:17] Media Packet Received
[2026-06-21 22:28:17] Media Packet Received
[2026-06-21 22:28:17] Media Packet Received
[2026-06-21 22:28:17] Media Packet Received
[2026-06-21 22:28:17] Media Packet Received
[2026-06-21 22:28:17] Media Packet Received
[2026-06-21 22:28:17] Media Packet Received
[2026-06-21 22:28:17] Media Packet Received
[2026-06-21 22:28:17] Media Packet Received
[2026-06-21 22:28:17] Media Packet Received
[2026-06-21 22:28:17] Media Packet Received
[2026-06-21 22:28:17] Media Packet Received
[2026-06-21 22:28:17] Media Packet Received
[2026-06-21 22:28:17] Media Packet Received
[2026-06-21 22:28:17] Media Packet Received
[2026-06-21 22:28:17] Media Packet Received
[2026-06-21 22:28:17] Media Packet Received
[2026-06-21 22:28:17] Media Packet Received
[2026-06-21 22:28:17] Media Packet Received
[2026-06-21 22:28:17] Media Packet Received
[2026-06-21 22:28:17] Media Packet Received
[2026-06-21 22:28:17] Media Packet Received
[2026-06-21 22:28:17] Media Packet Received
[2026-06-21 22:28:17] Media Packet Received
[2026-06-21 22:28:17] Media Packet Received
[2026-06-21 22:28:17] Media Packet Received
[2026-06-21 22:28:17] Media Packet Received
[2026-06-21 22:28:17] Media Packet Received
[2026-06-21 22:28:17] Media Packet Received
[2026-06-21 22:28:17] Media Packet Received
[2026-06-21 22:28:17] Media Packet Received
[2026-06-21 22:28:17] Media Packet Received
[2026-06-21 22:28:17] Media Packet Received
[2026-06-21 22:28:17] Media Packet Received
[2026-06-21 22:28:17] Media Packet Received
[2026-06-21 22:28:18] Media Packet Received
[2026-06-21 22:28:18] Media Packet Received
[2026-06-21 22:28:18] Media Packet Received
[2026-06-21 22:28:18] Media Packet Received
[2026-06-21 22:28:18] Media Packet Received
[2026-06-21 22:28:18] Media Packet Received
[2026-06-21 22:28:18] Media Packet Received
[2026-06-21 22:28:18] Media Packet Received
[2026-06-21 22:28:18] Media Packet Received
[2026-06-21 22:28:18] Media Packet Received
[2026-06-21 22:28:18] Media Packet Received
[2026-06-21 22:28:18] Media Packet Received
[2026-06-21 22:28:18] Media Packet Received
[2026-06-21 22:28:18] Media Packet Received
[2026-06-21 22:28:18] Media Packet Received
[2026-06-21 22:28:18] Media Packet Received
[2026-06-21 22:28:18] Media Packet Received
[2026-06-21 22:28:18] Media Packet Received
[2026-06-21 22:28:18] Media Packet Received
[2026-06-21 22:28:18] Media Packet Received
[2026-06-21 22:28:18] Media Packet Received
[2026-06-21 22:28:18] Media Packet Received
[2026-06-21 22:28:18] Media Packet Received
[2026-06-21 22:28:18] Media Packet Received
[2026-06-21 22:28:18] Media Packet Received
[2026-06-21 22:28:18] Media Packet Received
[2026-06-21 22:28:18] Media Packet Received
[2026-06-21 22:28:18] Media Packet Received
[2026-06-21 22:28:18] Media Packet Received
[2026-06-21 22:28:18] Media Packet Received
[2026-06-21 22:28:18] Media Packet Received
[2026-06-21 22:28:18] Media Packet Received
[2026-06-21 22:28:18] Media Packet Received
[2026-06-21 22:28:18] Media Packet Received
[2026-06-21 22:28:18] Media Packet Received
[2026-06-21 22:28:18] Media Packet Received
[2026-06-21 22:28:18] Media Packet Received
[2026-06-21 22:28:18] Media Packet Received
[2026-06-21 22:28:18] Media Packet Received
[2026-06-21 22:28:18] Media Packet Received
[2026-06-21 22:28:18] Media Packet Received
[2026-06-21 22:28:18] Media Packet Received
[2026-06-21 22:28:18] Media Packet Received
[2026-06-21 22:28:18] Media Packet Received
[2026-06-21 22:28:18] Media Packet Received
[2026-06-21 22:28:18] Media Packet Received
[2026-06-21 22:28:18] Media Packet Received
[2026-06-21 22:28:18] Media Packet Received
[2026-06-21 22:28:18] Media Packet Received
[2026-06-21 22:28:18] Media Packet Received
[2026-06-21 22:28:19] Media Packet Received
[2026-06-21 22:28:19] Media Packet Received
[2026-06-21 22:28:19] Media Packet Received
[2026-06-21 22:28:19] Media Packet Received
[2026-06-21 22:28:19] Media Packet Received
[2026-06-21 22:28:19] Media Packet Received
[2026-06-21 22:28:19] Media Packet Received
[2026-06-21 22:28:19] Media Packet Received
[2026-06-21 22:28:19] Media Packet Received
[2026-06-21 22:28:19] Media Packet Received
[2026-06-21 22:28:19] Media Packet Received
[2026-06-21 22:28:19] Media Packet Received
[2026-06-21 22:28:19] Media Packet Received
[2026-06-21 22:28:19] Media Packet Received
[2026-06-21 22:28:19] Media Packet Received
[2026-06-21 22:28:19] Media Packet Received
[2026-06-21 22:28:19] Media Packet Received
[2026-06-21 22:28:19] Media Packet Received
[2026-06-21 22:28:19] Media Packet Received
[2026-06-21 22:28:19] Media Packet Received
[2026-06-21 22:28:19] Media Packet Received
[2026-06-21 22:28:19] Media Packet Received
[2026-06-21 22:28:19] Media Packet Received
[2026-06-21 22:28:19] Media Packet Received
[2026-06-21 22:28:19] Media Packet Received
[2026-06-21 22:28:19] Media Packet Received
[2026-06-21 22:28:19] Media Packet Received
[2026-06-21 22:28:19] Media Packet Received
[2026-06-21 22:28:19] Media Packet Received
[2026-06-21 22:28:19] Media Packet Received
[2026-06-21 22:28:19] Media Packet Received
[2026-06-21 22:28:19] Media Packet Received
[2026-06-21 22:28:19] Media Packet Received
[2026-06-21 22:28:19] Media Packet Received
[2026-06-21 22:28:19] Media Packet Received
[2026-06-21 22:28:19] Media Packet Received
[2026-06-21 22:28:19] Media Packet Received
[2026-06-21 22:28:19] Media Packet Received
[2026-06-21 22:28:19] Media Packet Received
[2026-06-21 22:28:19] Media Packet Received
[2026-06-21 22:28:19] Media Packet Received
[2026-06-21 22:28:19] Media Packet Received
[2026-06-21 22:28:19] Media Packet Received
[2026-06-21 22:28:19] Media Packet Received
[2026-06-21 22:28:19] Media Packet Received
[2026-06-21 22:28:19] Media Packet Received
[2026-06-21 22:28:19] Media Packet Received
[2026-06-21 22:28:19] Media Packet Received
[2026-06-21 22:28:19] Media Packet Received
[2026-06-21 22:28:19] Media Packet Received
[2026-06-21 22:28:20] Media Packet Received
[2026-06-21 22:28:20] Media Packet Received
[2026-06-21 22:28:20] Media Packet Received
[2026-06-21 22:28:20] Media Packet Received
[2026-06-21 22:28:20] Media Packet Received
[2026-06-21 22:28:20] Media Packet Received
[2026-06-21 22:28:20] Media Packet Received
[2026-06-21 22:28:20] Media Packet Received
[2026-06-21 22:28:20] Media Packet Received
[2026-06-21 22:28:20] Media Packet Received
[2026-06-21 22:28:20] Media Packet Received
[2026-06-21 22:28:20] Media Packet Received
[2026-06-21 22:28:20] Media Packet Received
[2026-06-21 22:28:20] Media Packet Received
[2026-06-21 22:28:20] Media Packet Received
[2026-06-21 22:28:20] Media Packet Received
[2026-06-21 22:28:20] Media Packet Received
[2026-06-21 22:28:20] Media Packet Received
[2026-06-21 22:28:20] Media Packet Received
[2026-06-21 22:28:20] Media Packet Received
[2026-06-21 22:28:20] Media Packet Received
[2026-06-21 22:28:20] Media Packet Received
[2026-06-21 22:28:20] Media Packet Received
[2026-06-21 22:28:20] Media Packet Received
[2026-06-21 22:28:20] Media Packet Received
[2026-06-21 22:28:20] Media Packet Received
[2026-06-21 22:28:20] Media Packet Received
[2026-06-21 22:28:20] Media Packet Received
[2026-06-21 22:28:20] Media Packet Received
[2026-06-21 22:28:20] Media Packet Received
[2026-06-21 22:28:20] Media Packet Received
[2026-06-21 22:28:20] Media Packet Received
[2026-06-21 22:28:20] Media Packet Received
[2026-06-21 22:28:20] Media Packet Received
[2026-06-21 22:28:20] Media Packet Received
[2026-06-21 22:28:20] Media Packet Received
[2026-06-21 22:28:20] Media Packet Received
[2026-06-21 22:28:20] Media Packet Received
[2026-06-21 22:28:20] Media Packet Received
[2026-06-21 22:28:20] Media Packet Received
[2026-06-21 22:28:20] Media Packet Received
[2026-06-21 22:28:20] Media Packet Received
[2026-06-21 22:28:20] Media Packet Received
[2026-06-21 22:28:20] Media Packet Received
[2026-06-21 22:28:20] Media Packet Received
[2026-06-21 22:28:20] Media Packet Received
[2026-06-21 22:28:20] Media Packet Received
[2026-06-21 22:28:20] Media Packet Received
[2026-06-21 22:28:20] Media Packet Received
[2026-06-21 22:28:20] Media Packet Received
[2026-06-21 22:28:21] Media Packet Received
[2026-06-21 22:28:21] Media Packet Received
[2026-06-21 22:28:21] Media Packet Received
[2026-06-21 22:28:21] Media Packet Received
[2026-06-21 22:28:21] Media Packet Received
[2026-06-21 22:28:21] Media Packet Received
[2026-06-21 22:28:21] Media Packet Received
[2026-06-21 22:28:21] Media Packet Received
[2026-06-21 22:28:21] Media Packet Received
[2026-06-21 22:28:21] Media Packet Received
[2026-06-21 22:28:21] Media Packet Received
[2026-06-21 22:28:21] Media Packet Received
[2026-06-21 22:28:21] Media Packet Received
[2026-06-21 22:28:21] Media Packet Received
[2026-06-21 22:28:21] Media Packet Received
[2026-06-21 22:28:21] Media Packet Received
[2026-06-21 22:28:21] Media Packet Received
[2026-06-21 22:28:21] Media Packet Received
[2026-06-21 22:28:21] Media Packet Received
[2026-06-21 22:28:21] Media Packet Received
[2026-06-21 22:28:21] Media Packet Received
[2026-06-21 22:28:21] Media Packet Received
[2026-06-21 22:28:21] Media Packet Received
[2026-06-21 22:28:21] Media Packet Received
[2026-06-21 22:28:21] Media Packet Received
[2026-06-21 22:28:21] Media Packet Received
[2026-06-21 22:28:21] Media Packet Received
[2026-06-21 22:28:21] Media Packet Received
[2026-06-21 22:28:21] Media Packet Received
[2026-06-21 22:28:21] Media Packet Received
[2026-06-21 22:28:21] Media Packet Received
[2026-06-21 22:28:21] Media Packet Received
[2026-06-21 22:28:21] Media Packet Received
[2026-06-21 22:28:21] Media Packet Received
[2026-06-21 22:28:21] Media Packet Received
[2026-06-21 22:28:21] Media Packet Received
[2026-06-21 22:28:21] Media Packet Received
[2026-06-21 22:28:21] Media Packet Received
[2026-06-21 22:28:21] Media Packet Received
[2026-06-21 22:28:21] Media Packet Received
[2026-06-21 22:28:21] Media Packet Received
[2026-06-21 22:28:21] Media Packet Received
[2026-06-21 22:28:21] Media Packet Received
[2026-06-21 22:28:21] Media Packet Received
[2026-06-21 22:28:21] Media Packet Received
[2026-06-21 22:28:21] Media Packet Received
[2026-06-21 22:28:21] Media Packet Received
[2026-06-21 22:28:21] Media Packet Received
[2026-06-21 22:28:21] Media Packet Received
[2026-06-21 22:28:21] Media Packet Received
[2026-06-21 22:28:22] Media Packet Received
[2026-06-21 22:28:22] Media Packet Received
[2026-06-21 22:28:22] Media Packet Received
[2026-06-21 22:28:22] Media Packet Received
[2026-06-21 22:28:22] Media Packet Received
[2026-06-21 22:28:22] Media Packet Received
[2026-06-21 22:28:22] Media Packet Received
[2026-06-21 22:28:22] Media Packet Received
[2026-06-21 22:28:22] Media Packet Received
[2026-06-21 22:28:22] Media Packet Received
[2026-06-21 22:28:22] Media Packet Received
[2026-06-21 22:28:22] Media Packet Received
[2026-06-21 22:28:22] Media Packet Received
[2026-06-21 22:28:22] Media Packet Received
[2026-06-21 22:28:22] Media Packet Received
[2026-06-21 22:28:22] Media Packet Received
[2026-06-21 22:28:22] Media Packet Received
[2026-06-21 22:28:22] Media Packet Received
[2026-06-21 22:28:22] Media Packet Received
[2026-06-21 22:28:22] Media Packet Received
[2026-06-21 22:28:22] Media Packet Received
[2026-06-21 22:28:22] Media Packet Received
[2026-06-21 22:28:22] Media Packet Received
[2026-06-21 22:28:22] Media Packet Received
[2026-06-21 22:28:22] Media Packet Received
[2026-06-21 22:28:22] Media Packet Received
[2026-06-21 22:28:22] Media Packet Received
[2026-06-21 22:28:22] Media Packet Received
[2026-06-21 22:28:22] Media Packet Received
[2026-06-21 22:28:22] Media Packet Received
[2026-06-21 22:28:22] Media Packet Received
[2026-06-21 22:28:22] Media Packet Received
[2026-06-21 22:28:22] Media Packet Received
[2026-06-21 22:28:22] Media Packet Received
[2026-06-21 22:28:22] Media Packet Received
[2026-06-21 22:28:22] Media Packet Received
[2026-06-21 22:28:22] Media Packet Received
[2026-06-21 22:28:22] Media Packet Received
[2026-06-21 22:28:22] Media Packet Received
[2026-06-21 22:28:22] Media Packet Received
[2026-06-21 22:28:22] Media Packet Received
[2026-06-21 22:28:22] Media Packet Received
[2026-06-21 22:28:22] Media Packet Received
[2026-06-21 22:28:22] Media Packet Received
[2026-06-21 22:28:22] Media Packet Received
[2026-06-21 22:28:22] Media Packet Received
[2026-06-21 22:28:22] Media Packet Received
[2026-06-21 22:28:22] Media Packet Received
[2026-06-21 22:28:22] Media Packet Received
[2026-06-21 22:28:22] Media Packet Received
[2026-06-21 22:28:23] Media Packet Received
[2026-06-21 22:28:23] Media Packet Received
[2026-06-21 22:28:23] Media Packet Received
[2026-06-21 22:28:23] Media Packet Received
[2026-06-21 22:28:23] Media Packet Received
[2026-06-21 22:28:23] Media Packet Received
[2026-06-21 22:28:23] Media Packet Received
[2026-06-21 22:28:23] Media Packet Received
[2026-06-21 22:28:23] Media Packet Received
[2026-06-21 22:28:23] Media Packet Received
[2026-06-21 22:28:23] Media Packet Received
[2026-06-21 22:28:23] Media Packet Received
[2026-06-21 22:28:23] Media Packet Received
[2026-06-21 22:28:23] Media Packet Received
[2026-06-21 22:28:23] Media Packet Received
[2026-06-21 22:28:23] Media Packet Received
[2026-06-21 22:28:23] Media Packet Received
[2026-06-21 22:28:23] Media Packet Received
[2026-06-21 22:28:23] Media Packet Received
[2026-06-21 22:28:23] Media Packet Received
[2026-06-21 22:28:23] Media Packet Received
[2026-06-21 22:28:23] Media Packet Received
[2026-06-21 22:28:23] Media Packet Received
[2026-06-21 22:28:23] Media Packet Received
[2026-06-21 22:28:23] Media Packet Received
[2026-06-21 22:28:23] Media Packet Received
[2026-06-21 22:28:23] Media Packet Received
[2026-06-21 22:28:23] Media Packet Received
[2026-06-21 22:28:23] Media Packet Received
[2026-06-21 22:28:23] Media Packet Received
[2026-06-21 22:28:23] Media Packet Received
[2026-06-21 22:28:23] Media Packet Received
[2026-06-21 22:28:23] Media Packet Received
[2026-06-21 22:28:23] Media Packet Received
[2026-06-21 22:28:23] Media Packet Received
[2026-06-21 22:28:23] Media Packet Received
[2026-06-21 22:28:23] Media Packet Received
[2026-06-21 22:28:23] Media Packet Received
[2026-06-21 22:28:23] Media Packet Received
[2026-06-21 22:28:23] Media Packet Received
[2026-06-21 22:28:23] Media Packet Received
[2026-06-21 22:28:23] Media Packet Received
[2026-06-21 22:28:23] Media Packet Received
[2026-06-21 22:28:23] Media Packet Received
[2026-06-21 22:28:23] Media Packet Received
[2026-06-21 22:28:23] Media Packet Received
[2026-06-21 22:28:23] Media Packet Received
[2026-06-21 22:28:23] Media Packet Received
[2026-06-21 22:28:23] Media Packet Received
[2026-06-21 22:28:23] Media Packet Received
[2026-06-21 22:28:24] Media Packet Received
[2026-06-21 22:28:24] Media Packet Received
[2026-06-21 22:28:24] Media Packet Received
[2026-06-21 22:28:24] Media Packet Received
[2026-06-21 22:28:24] Media Packet Received
[2026-06-21 22:28:24] Media Packet Received
[2026-06-21 22:28:24] Media Packet Received
[2026-06-21 22:28:24] Media Packet Received
[2026-06-21 22:28:24] Media Packet Received
[2026-06-21 22:28:24] Media Packet Received
[2026-06-21 22:28:24] Media Packet Received
[2026-06-21 22:28:24] Media Packet Received
[2026-06-21 22:28:24] Media Packet Received
[2026-06-21 22:28:24] Media Packet Received
[2026-06-21 22:28:24] Media Packet Received
[2026-06-21 22:28:24] Media Packet Received
[2026-06-21 22:28:24] Media Packet Received
[2026-06-21 22:28:24] Media Packet Received
[2026-06-21 22:28:24] Media Packet Received
[2026-06-21 22:28:24] Media Packet Received
[2026-06-21 22:28:24] Media Packet Received
[2026-06-21 22:28:24] Media Packet Received
[2026-06-21 22:28:24] Media Packet Received
[2026-06-21 22:28:24] Media Packet Received
[2026-06-21 22:28:24] Media Packet Received
[2026-06-21 22:28:24] Media Packet Received
[2026-06-21 22:28:24] Media Packet Received
[2026-06-21 22:28:24] Media Packet Received
[2026-06-21 22:28:24] Media Packet Received
[2026-06-21 22:28:24] Media Packet Received
[2026-06-21 22:28:24] Media Packet Received
[2026-06-21 22:28:24] Media Packet Received
[2026-06-21 22:28:24] Media Packet Received
[2026-06-21 22:28:24] Media Packet Received
[2026-06-21 22:28:24] Media Packet Received
[2026-06-21 22:28:24] Media Packet Received
[2026-06-21 22:28:24] Media Packet Received
[2026-06-21 22:28:24] Media Packet Received
[2026-06-21 22:28:24] Media Packet Received
[2026-06-21 22:28:24] Media Packet Received
[2026-06-21 22:28:24] Media Packet Received
[2026-06-21 22:28:24] Media Packet Received
[2026-06-21 22:28:24] Media Packet Received
[2026-06-21 22:28:24] Media Packet Received
[2026-06-21 22:28:24] Media Packet Received
[2026-06-21 22:28:24] Media Packet Received
[2026-06-21 22:28:24] Media Packet Received
[2026-06-21 22:28:24] Media Packet Received
[2026-06-21 22:28:24] Media Packet Received
[2026-06-21 22:28:24] Media Packet Received
[2026-06-21 22:28:25] Media Packet Received
[2026-06-21 22:28:25] Media Packet Received
[2026-06-21 22:28:25] Media Packet Received
[2026-06-21 22:28:25] Media Packet Received
[2026-06-21 22:28:25] Media Packet Received
[2026-06-21 22:28:25] Media Packet Received
[2026-06-21 22:28:25] Media Packet Received
[2026-06-21 22:28:25] Media Packet Received
[2026-06-21 22:28:25] Media Packet Received
[2026-06-21 22:28:25] Media Packet Received
[2026-06-21 22:28:25] Media Packet Received
[2026-06-21 22:28:25] Media Packet Received
[2026-06-21 22:28:25] Media Packet Received
[2026-06-21 22:28:25] Media Packet Received
[2026-06-21 22:28:25] Media Packet Received
[2026-06-21 22:28:25] Media Packet Received
[2026-06-21 22:28:25] Media Packet Received
[2026-06-21 22:28:25] Media Packet Received
[2026-06-21 22:28:25] Media Packet Received
[2026-06-21 22:28:25] Media Packet Received
[2026-06-21 22:28:25] Media Packet Received
[2026-06-21 22:28:25] Media Packet Received
[2026-06-21 22:28:25] Media Packet Received
[2026-06-21 22:28:25] Media Packet Received
[2026-06-21 22:28:25] Media Packet Received
[2026-06-21 22:28:25] Media Packet Received
[2026-06-21 22:28:25] Media Packet Received
[2026-06-21 22:28:25] Media Packet Received
[2026-06-21 22:28:25] Media Packet Received
[2026-06-21 22:28:25] Media Packet Received
[2026-06-21 22:28:25] Media Packet Received
[2026-06-21 22:28:25] Media Packet Received
[2026-06-21 22:28:25] Media Packet Received
[2026-06-21 22:28:25] Media Packet Received
[2026-06-21 22:28:25] Media Packet Received
[2026-06-21 22:28:25] Media Packet Received
[2026-06-21 22:28:25] Media Packet Received
[2026-06-21 22:28:25] Media Packet Received
[2026-06-21 22:28:25] Media Packet Received
[2026-06-21 22:28:25] Media Packet Received
[2026-06-21 22:28:25] Media Packet Received
[2026-06-21 22:28:25] Media Packet Received
[2026-06-21 22:28:25] Media Packet Received
[2026-06-21 22:28:25] Media Packet Received
[2026-06-21 22:28:25] Media Packet Received
[2026-06-21 22:28:25] Media Packet Received
[2026-06-21 22:28:25] Media Packet Received
[2026-06-21 22:28:25] Media Packet Received
[2026-06-21 22:28:25] Media Packet Received
[2026-06-21 22:28:25] Media Packet Received
[2026-06-21 22:28:26] Media Packet Received
[2026-06-21 22:28:26] Media Packet Received
[2026-06-21 22:28:26] Media Packet Received
[2026-06-21 22:28:26] Media Packet Received
[2026-06-21 22:28:26] Media Packet Received
[2026-06-21 22:28:26] Media Packet Received
[2026-06-21 22:28:26] Media Packet Received
[2026-06-21 22:28:26] Media Packet Received
[2026-06-21 22:28:26] Media Packet Received
[2026-06-21 22:28:26] Media Packet Received
[2026-06-21 22:28:26] Media Packet Received
[2026-06-21 22:28:26] Media Packet Received
[2026-06-21 22:28:26] Media Packet Received
[2026-06-21 22:28:26] Media Packet Received
[2026-06-21 22:28:26] Media Packet Received
[2026-06-21 22:28:26] Media Packet Received
[2026-06-21 22:28:26] Media Packet Received
[2026-06-21 22:28:26] Media Packet Received
[2026-06-21 22:28:26] Media Packet Received
[2026-06-21 22:28:26] Media Packet Received
[2026-06-21 22:28:26] Media Packet Received
[2026-06-21 22:28:26] Media Packet Received
[2026-06-21 22:28:26] Media Packet Received
[2026-06-21 22:28:26] Media Packet Received
[2026-06-21 22:28:26] Media Packet Received
[2026-06-21 22:28:26] Media Packet Received
[2026-06-21 22:28:26] Media Packet Received
[2026-06-21 22:28:26] Media Packet Received
[2026-06-21 22:28:26] Media Packet Received
[2026-06-21 22:28:26] Media Packet Received
[2026-06-21 22:28:26] Media Packet Received
[2026-06-21 22:28:26] Media Packet Received
[2026-06-21 22:28:26] Media Packet Received
[2026-06-21 22:28:26] Media Packet Received
[2026-06-21 22:28:26] Media Packet Received
[2026-06-21 22:28:26] Media Packet Received
[2026-06-21 22:28:26] Media Packet Received
[2026-06-21 22:28:26] Media Packet Received
[2026-06-21 22:28:26] Media Packet Received
[2026-06-21 22:28:26] Media Packet Received
[2026-06-21 22:28:26] Media Packet Received
[2026-06-21 22:28:26] Media Packet Received
[2026-06-21 22:28:26] Media Packet Received
[2026-06-21 22:28:26] Media Packet Received
[2026-06-21 22:28:26] Media Packet Received
[2026-06-21 22:28:26] Media Packet Received
[2026-06-21 22:28:26] Media Packet Received
[2026-06-21 22:28:26] Media Packet Received
[2026-06-21 22:28:26] Media Packet Received
[2026-06-21 22:28:26] Media Packet Received
[2026-06-21 22:28:27] Media Packet Received
[2026-06-21 22:28:27] Media Packet Received
[2026-06-21 22:28:27] Media Packet Received
[2026-06-21 22:28:27] Media Packet Received
[2026-06-21 22:28:27] Media Packet Received
[2026-06-21 22:28:27] Media Packet Received
[2026-06-21 22:28:27] Media Packet Received
[2026-06-21 22:28:27] Media Packet Received
[2026-06-21 22:28:27] Media Packet Received
[2026-06-21 22:28:27] Media Packet Received
[2026-06-21 22:28:27] Media Packet Received
[2026-06-21 22:28:27] Media Packet Received
[2026-06-21 22:28:27] Media Packet Received
[2026-06-21 22:28:27] Media Packet Received
[2026-06-21 22:28:27] Media Packet Received
[2026-06-21 22:28:27] Media Packet Received
[2026-06-21 22:28:27] Media Packet Received
[2026-06-21 22:28:27] Media Packet Received
[2026-06-21 22:28:27] Media Packet Received
[2026-06-21 22:28:27] Media Packet Received
[2026-06-21 22:28:27] Media Packet Received
[2026-06-21 22:28:27] Media Packet Received
[2026-06-21 22:28:27] Media Packet Received
[2026-06-21 22:28:27] Media Packet Received
[2026-06-21 22:28:27] Media Packet Received
[2026-06-21 22:28:27] Media Packet Received
[2026-06-21 22:28:27] Media Packet Received
[2026-06-21 22:28:27] Media Packet Received
[2026-06-21 22:28:27] Media Packet Received
[2026-06-21 22:28:27] Media Packet Received
[2026-06-21 22:28:27] Media Packet Received
[2026-06-21 22:28:27] Media Packet Received
[2026-06-21 22:28:27] Media Packet Received
[2026-06-21 22:28:27] Media Packet Received
[2026-06-21 22:28:27] Media Packet Received
[2026-06-21 22:28:27] Media Packet Received
[2026-06-21 22:28:27] Media Packet Received
[2026-06-21 22:28:27] Media Packet Received
[2026-06-21 22:28:27] Media Packet Received
[2026-06-21 22:28:27] Media Packet Received
[2026-06-21 22:28:27] Media Packet Received
[2026-06-21 22:28:27] Media Packet Received
[2026-06-21 22:28:27] Media Packet Received
[2026-06-21 22:28:27] Media Packet Received
[2026-06-21 22:28:27] Media Packet Received
[2026-06-21 22:28:27] Media Packet Received
[2026-06-21 22:28:27] Media Packet Received
[2026-06-21 22:28:27] Media Packet Received
[2026-06-21 22:28:27] Media Packet Received
[2026-06-21 22:28:27] Media Packet Received
[2026-06-21 22:28:28] Media Packet Received
[2026-06-21 22:28:28] Media Packet Received
[2026-06-21 22:28:28] Media Packet Received
[2026-06-21 22:28:28] Media Packet Received
[2026-06-21 22:28:28] Media Packet Received
[2026-06-21 22:28:28] Media Packet Received
[2026-06-21 22:28:28] Media Packet Received
[2026-06-21 22:28:28] Media Packet Received
[2026-06-21 22:28:28] Media Packet Received
[2026-06-21 22:28:28] Media Packet Received
[2026-06-21 22:28:28] Media Packet Received
[2026-06-21 22:28:28] Media Packet Received
[2026-06-21 22:28:28] Media Packet Received
[2026-06-21 22:28:28] Media Packet Received
[2026-06-21 22:28:28] Media Packet Received
[2026-06-21 22:28:28] Media Packet Received
[2026-06-21 22:28:28] Media Packet Received
[2026-06-21 22:28:28] Media Packet Received
[2026-06-21 22:28:28] Media Packet Received
[2026-06-21 22:28:28] Media Packet Received
[2026-06-21 22:28:28] Media Packet Received
[2026-06-21 22:28:28] Media Packet Received
[2026-06-21 22:28:28] Media Packet Received
[2026-06-21 22:28:28] Media Packet Received
[2026-06-21 22:28:28] Media Packet Received
[2026-06-21 22:28:28] Media Packet Received
[2026-06-21 22:28:28] Media Packet Received
[2026-06-21 22:28:28] Media Packet Received
[2026-06-21 22:28:28] Media Packet Received
[2026-06-21 22:28:28] Media Packet Received
[2026-06-21 22:28:28] Media Packet Received
[2026-06-21 22:28:28] Media Packet Received
[2026-06-21 22:28:28] Media Packet Received
[2026-06-21 22:28:28] Media Packet Received
[2026-06-21 22:28:28] Media Packet Received
[2026-06-21 22:28:28] Media Packet Received
[2026-06-21 22:28:28] Media Packet Received
[2026-06-21 22:28:28] Media Packet Received
[2026-06-21 22:28:28] Media Packet Received
[2026-06-21 22:28:28] Media Packet Received
[2026-06-21 22:28:28] Media Packet Received
[2026-06-21 22:28:28] Media Packet Received
[2026-06-21 22:28:28] Media Packet Received
[2026-06-21 22:28:28] Media Packet Received
[2026-06-21 22:28:28] Media Packet Received
[2026-06-21 22:28:28] Media Packet Received
[2026-06-21 22:28:28] Media Packet Received
[2026-06-21 22:28:28] Media Packet Received
[2026-06-21 22:28:28] Media Packet Received
[2026-06-21 22:28:28] Media Packet Received
[2026-06-21 22:28:29] Media Packet Received
[2026-06-21 22:28:29] Media Packet Received
[2026-06-21 22:28:29] Media Packet Received
[2026-06-21 22:28:29] Media Packet Received
[2026-06-21 22:28:29] Media Packet Received
[2026-06-21 22:28:29] Media Packet Received
[2026-06-21 22:28:29] Media Packet Received
[2026-06-21 22:28:29] Media Packet Received
[2026-06-21 22:28:29] Media Packet Received
[2026-06-21 22:28:29] Media Packet Received
[2026-06-21 22:28:29] Media Packet Received
[2026-06-21 22:28:29] Media Packet Received
[2026-06-21 22:28:29] Media Packet Received
[2026-06-21 22:28:29] Media Packet Received
[2026-06-21 22:28:29] Media Packet Received
[2026-06-21 22:28:29] Media Packet Received
[2026-06-21 22:28:29] Media Packet Received
[2026-06-21 22:28:29] Media Packet Received
[2026-06-21 22:28:29] Media Packet Received
[2026-06-21 22:28:29] Media Packet Received
[2026-06-21 22:28:29] Media Packet Received
[2026-06-21 22:28:29] Media Packet Received
[2026-06-21 22:28:29] Media Packet Received
[2026-06-21 22:28:29] Media Packet Received
[2026-06-21 22:28:29] Media Packet Received
[2026-06-21 22:28:29] Media Packet Received
[2026-06-21 22:28:29] Media Packet Received
[2026-06-21 22:28:29] Media Packet Received
[2026-06-21 22:28:29] Media Packet Received
[2026-06-21 22:28:29] Media Packet Received
[2026-06-21 22:28:29] Media Packet Received
[2026-06-21 22:28:29] Media Packet Received
[2026-06-21 22:28:29] Media Packet Received
[2026-06-21 22:28:29] Media Packet Received
[2026-06-21 22:28:29] Media Packet Received
[2026-06-21 22:28:29] Media Packet Received
[2026-06-21 22:28:29] Media Packet Received
[2026-06-21 22:28:29] Media Packet Received
[2026-06-21 22:28:29] Media Packet Received
[2026-06-21 22:28:29] Media Packet Received
[2026-06-21 22:28:29] Media Packet Received
[2026-06-21 22:28:29] Media Packet Received
[2026-06-21 22:28:29] Media Packet Received
[2026-06-21 22:28:29] Media Packet Received
[2026-06-21 22:28:29] Media Packet Received
[2026-06-21 22:28:29] Media Packet Received
[2026-06-21 22:28:29] Media Packet Received
[2026-06-21 22:28:29] Media Packet Received
[2026-06-21 22:28:29] Media Packet Received
[2026-06-21 22:28:29] Media Packet Received
[2026-06-21 22:28:30] Media Packet Received
[2026-06-21 22:28:30] Media Packet Received
[2026-06-21 22:28:30] Media Packet Received
[2026-06-21 22:28:30] Media Packet Received
[2026-06-21 22:28:30] Media Packet Received
[2026-06-21 22:28:30] Media Packet Received
[2026-06-21 22:28:30] Media Packet Received
[2026-06-21 22:28:30] Media Packet Received
[2026-06-21 22:28:30] Media Packet Received
[2026-06-21 22:28:30] Media Packet Received
[2026-06-21 22:28:30] Media Packet Received
[2026-06-21 22:28:30] Media Packet Received
[2026-06-21 22:28:30] Media Packet Received
[2026-06-21 22:28:30] Media Packet Received
[2026-06-21 22:28:30] Media Packet Received
[2026-06-21 22:28:30] Media Packet Received
[2026-06-21 22:28:30] Media Packet Received
[2026-06-21 22:28:30] Media Packet Received
[2026-06-21 22:28:30] Media Packet Received
[2026-06-21 22:28:30] Media Packet Received
[2026-06-21 22:28:30] Media Packet Received
[2026-06-21 22:28:30] Media Packet Received
[2026-06-21 22:28:30] Media Packet Received
[2026-06-21 22:28:30] Media Packet Received
[2026-06-21 22:28:30] Media Packet Received
[2026-06-21 22:28:30] Media Packet Received
[2026-06-21 22:28:30] Media Packet Received
[2026-06-21 22:28:30] Media Packet Received
[2026-06-21 22:28:30] Media Packet Received
[2026-06-21 22:28:30] Media Packet Received
[2026-06-21 22:28:30] Media Packet Received
[2026-06-21 22:28:30] Media Packet Received
[2026-06-21 22:28:30] Media Packet Received
[2026-06-21 22:28:30] Media Packet Received
[2026-06-21 22:28:30] Media Packet Received
[2026-06-21 22:28:30] Media Packet Received
[2026-06-21 22:28:30] Media Packet Received
[2026-06-21 22:28:30] Media Packet Received
[2026-06-21 22:28:30] Media Packet Received
[2026-06-21 22:28:30] Media Packet Received
[2026-06-21 22:28:30] Media Packet Received
[2026-06-21 22:28:30] Media Packet Received
[2026-06-21 22:28:30] Media Packet Received
[2026-06-21 22:28:30] Media Packet Received
[2026-06-21 22:28:30] Media Packet Received
[2026-06-21 22:28:30] Media Packet Received
[2026-06-21 22:28:30] Media Packet Received
[2026-06-21 22:28:30] Media Packet Received
[2026-06-21 22:28:30] Media Packet Received
[2026-06-21 22:28:30] Media Packet Received
[2026-06-21 22:28:31] Media Packet Received
[2026-06-21 22:28:31] Media Packet Received
[2026-06-21 22:28:31] Media Packet Received
[2026-06-21 22:28:31] Media Packet Received
[2026-06-21 22:28:31] Media Packet Received
[2026-06-21 22:28:31] Media Packet Received
[2026-06-21 22:28:31] Media Packet Received
[2026-06-21 22:28:31] Media Packet Received
[2026-06-21 22:28:31] Media Packet Received
[2026-06-21 22:28:31] Media Packet Received
[2026-06-21 22:28:31] Media Packet Received
[2026-06-21 22:28:31] Media Packet Received
[2026-06-21 22:28:31] Media Packet Received
[2026-06-21 22:28:31] Media Packet Received
[2026-06-21 22:28:31] Media Packet Received
[2026-06-21 22:28:31] Media Packet Received
[2026-06-21 22:28:31] Media Packet Received
[2026-06-21 22:28:31] Media Packet Received
[2026-06-21 22:28:31] Media Packet Received
[2026-06-21 22:28:31] Media Packet Received
[2026-06-21 22:28:31] Media Packet Received
[2026-06-21 22:28:31] Media Packet Received
[2026-06-21 22:28:31] Media Packet Received
[2026-06-21 22:28:31] Media Packet Received
[2026-06-21 22:28:31] Media Packet Received
[2026-06-21 22:28:31] Media Packet Received
[2026-06-21 22:28:31] Media Packet Received
[2026-06-21 22:28:31] Media Packet Received
[2026-06-21 22:28:31] Media Packet Received
[2026-06-21 22:28:31] Media Packet Received
[2026-06-21 22:28:31] Media Packet Received
[2026-06-21 22:28:31] Media Packet Received
[2026-06-21 22:28:31] Media Packet Received
[2026-06-21 22:28:31] Media Packet Received
[2026-06-21 22:28:31] Media Packet Received
[2026-06-21 22:28:31] Media Packet Received
[2026-06-21 22:28:31] Media Packet Received
[2026-06-21 22:28:31] Media Packet Received
[2026-06-21 22:28:31] Media Packet Received
[2026-06-21 22:28:31] Media Packet Received
[2026-06-21 22:28:31] Media Packet Received
[2026-06-21 22:28:31] Media Packet Received
[2026-06-21 22:28:31] Media Packet Received
[2026-06-21 22:28:31] Media Packet Received
[2026-06-21 22:28:31] Media Packet Received
[2026-06-21 22:28:31] Media Packet Received
[2026-06-21 22:28:31] Media Packet Received
[2026-06-21 22:28:31] Media Packet Received
[2026-06-21 22:28:31] Media Packet Received
[2026-06-21 22:28:31] Media Packet Received
[2026-06-21 22:28:32] Media Packet Received
[2026-06-21 22:28:32] Media Packet Received
[2026-06-21 22:28:32] Media Packet Received
[2026-06-21 22:28:32] Media Packet Received
[2026-06-21 22:28:32] Media Packet Received
[2026-06-21 22:28:32] Media Packet Received
[2026-06-21 22:28:32] Media Packet Received
[2026-06-21 22:28:32] Media Packet Received
[2026-06-21 22:28:32] Media Packet Received
[2026-06-21 22:28:32] Media Packet Received
[2026-06-21 22:28:32] Media Packet Received
[2026-06-21 22:28:32] Media Packet Received
[2026-06-21 22:28:32] Media Packet Received
[2026-06-21 22:28:32] Media Packet Received
[2026-06-21 22:28:32] Media Packet Received
[2026-06-21 22:28:32] Media Packet Received
[2026-06-21 22:28:32] Media Packet Received
[2026-06-21 22:28:32] Media Packet Received
[2026-06-21 22:28:32] Media Packet Received
[2026-06-21 22:28:32] Media Packet Received
[2026-06-21 22:28:32] Media Packet Received
[2026-06-21 22:28:32] Media Packet Received
[2026-06-21 22:28:32] Media Packet Received
[2026-06-21 22:28:32] Media Packet Received
[2026-06-21 22:28:32] Media Packet Received
[2026-06-21 22:28:32] Media Packet Received
[2026-06-21 22:28:32] Media Packet Received
[2026-06-21 22:28:32] Media Packet Received
[2026-06-21 22:28:32] Media Packet Received
[2026-06-21 22:28:32] Media Packet Received
[2026-06-21 22:28:32] Media Packet Received
[2026-06-21 22:28:32] Media Packet Received
[2026-06-21 22:28:32] Media Packet Received
[2026-06-21 22:28:32] Media Packet Received
[2026-06-21 22:28:32] Media Packet Received
[2026-06-21 22:28:32] Media Packet Received
[2026-06-21 22:28:32] Media Packet Received
[2026-06-21 22:28:32] Media Packet Received
[2026-06-21 22:28:32] Media Packet Received
[2026-06-21 22:28:32] Media Packet Received
[2026-06-21 22:28:32] Media Packet Received
[2026-06-21 22:28:32] Media Packet Received
[2026-06-21 22:28:32] Media Packet Received
[2026-06-21 22:28:32] Media Packet Received
[2026-06-21 22:28:32] Media Packet Received
[2026-06-21 22:28:32] Media Packet Received
[2026-06-21 22:28:32] Media Packet Received
[2026-06-21 22:28:32] Media Packet Received
[2026-06-21 22:28:32] Media Packet Received
[2026-06-21 22:28:32] Media Packet Received
[2026-06-21 22:28:33] Media Packet Received
[2026-06-21 22:28:33] Media Packet Received
[2026-06-21 22:28:33] Media Packet Received
[2026-06-21 22:28:33] Media Packet Received
[2026-06-21 22:28:33] Media Packet Received
[2026-06-21 22:28:33] Media Packet Received
[2026-06-21 22:28:33] Media Packet Received
[2026-06-21 22:28:33] Media Packet Received
[2026-06-21 22:28:33] Media Packet Received
[2026-06-21 22:28:33] Media Packet Received
[2026-06-21 22:28:33] Media Packet Received
[2026-06-21 22:28:33] Media Packet Received
[2026-06-21 22:28:33] Media Packet Received
[2026-06-21 22:28:33] Media Packet Received
[2026-06-21 22:28:33] Media Packet Received
[2026-06-21 22:28:33] Media Packet Received
[2026-06-21 22:28:33] Media Packet Received
[2026-06-21 22:28:33] Media Packet Received
[2026-06-21 22:28:33] Media Packet Received
[2026-06-21 22:28:33] Media Packet Received
[2026-06-21 22:28:33] Media Packet Received
[2026-06-21 22:28:33] Media Packet Received
[2026-06-21 22:28:33] Media Packet Received
[2026-06-21 22:28:33] Media Packet Received
[2026-06-21 22:28:33] Media Packet Received
[2026-06-21 22:28:33] Media Packet Received
[2026-06-21 22:28:33] Media Packet Received
[2026-06-21 22:28:33] Media Packet Received
[2026-06-21 22:28:33] Media Packet Received
[2026-06-21 22:28:33] Media Packet Received
[2026-06-21 22:28:33] Media Packet Received
[2026-06-21 22:28:33] Media Packet Received
[2026-06-21 22:28:33] Media Packet Received
[2026-06-21 22:28:33] Media Packet Received
[2026-06-21 22:28:33] Media Packet Received
[2026-06-21 22:28:33] Media Packet Received
[2026-06-21 22:28:33] Media Packet Received
[2026-06-21 22:28:33] Media Packet Received
[2026-06-21 22:28:33] Media Packet Received
[2026-06-21 22:28:33] Media Packet Received
[2026-06-21 22:28:33] Media Packet Received
[2026-06-21 22:28:33] Media Packet Received
[2026-06-21 22:28:33] Media Packet Received
[2026-06-21 22:28:33] Media Packet Received
[2026-06-21 22:28:33] Media Packet Received
[2026-06-21 22:28:33] Media Packet Received
[2026-06-21 22:28:33] Media Packet Received
[2026-06-21 22:28:33] Media Packet Received
[2026-06-21 22:28:33] Media Packet Received
[2026-06-21 22:28:33] Media Packet Received
[2026-06-21 22:28:34] Media Packet Received
[2026-06-21 22:28:34] Media Packet Received
[2026-06-21 22:28:34] Media Packet Received
[2026-06-21 22:28:34] Media Packet Received
[2026-06-21 22:28:34] Media Packet Received
[2026-06-21 22:28:34] Media Packet Received
[2026-06-21 22:28:34] Media Packet Received
[2026-06-21 22:28:34] Media Packet Received
[2026-06-21 22:28:34] Media Packet Received
[2026-06-21 22:28:34] Media Packet Received
[2026-06-21 22:28:34] Media Packet Received
[2026-06-21 22:28:34] Media Packet Received
[2026-06-21 22:28:34] Media Packet Received
[2026-06-21 22:28:34] Media Packet Received
[2026-06-21 22:28:34] Media Packet Received
[2026-06-21 22:28:34] Media Packet Received
[2026-06-21 22:28:34] Media Packet Received
[2026-06-21 22:28:34] Media Packet Received
[2026-06-21 22:28:34] Media Packet Received
[2026-06-21 22:28:34] Media Packet Received
[2026-06-21 22:28:34] Media Packet Received
[2026-06-21 22:28:34] Media Packet Received
[2026-06-21 22:28:34] Media Packet Received
[2026-06-21 22:28:34] Media Packet Received
[2026-06-21 22:28:34] Media Packet Received
[2026-06-21 22:28:34] Media Packet Received
[2026-06-21 22:28:34] Media Packet Received
[2026-06-21 22:28:34] Media Packet Received
[2026-06-21 22:28:34] Media Packet Received
[2026-06-21 22:28:34] Media Packet Received
[2026-06-21 22:28:34] Media Packet Received
[2026-06-21 22:28:34] Media Packet Received
[2026-06-21 22:28:34] Media Packet Received
[2026-06-21 22:28:34] Media Packet Received
[2026-06-21 22:28:34] Media Packet Received
[2026-06-21 22:28:34] Media Packet Received
[2026-06-21 22:28:34] Media Packet Received
[2026-06-21 22:28:34] Media Packet Received
[2026-06-21 22:28:34] Media Packet Received
[2026-06-21 22:28:34] Media Packet Received
[2026-06-21 22:28:34] Media Packet Received
[2026-06-21 22:28:34] Media Packet Received
[2026-06-21 22:28:34] Media Packet Received
[2026-06-21 22:28:34] Media Packet Received
[2026-06-21 22:28:34] Media Packet Received
[2026-06-21 22:28:34] Media Packet Received
[2026-06-21 22:28:34] Media Packet Received
[2026-06-21 22:28:34] Media Packet Received
[2026-06-21 22:28:34] Media Packet Received
[2026-06-21 22:28:34] Media Packet Received
[2026-06-21 22:28:35] Media Packet Received
[2026-06-21 22:28:35] Media Packet Received
[2026-06-21 22:28:35] Media Packet Received
[2026-06-21 22:28:35] Media Packet Received
[2026-06-21 22:28:35] Media Packet Received
[2026-06-21 22:28:35] Media Packet Received
[2026-06-21 22:28:35] Media Packet Received
[2026-06-21 22:28:35] Media Packet Received
[2026-06-21 22:28:35] Media Packet Received
[2026-06-21 22:28:35] Media Packet Received
[2026-06-21 22:28:35] Media Packet Received
[2026-06-21 22:28:35] Media Packet Received
[2026-06-21 22:28:35] Media Packet Received
[2026-06-21 22:28:35] Media Packet Received
[2026-06-21 22:28:35] Media Packet Received
[2026-06-21 22:28:35] Media Packet Received
[2026-06-21 22:28:35] Media Packet Received
[2026-06-21 22:28:35] Media Packet Received
[2026-06-21 22:28:35] Media Packet Received
[2026-06-21 22:28:35] Media Packet Received
[2026-06-21 22:28:35] Media Packet Received
[2026-06-21 22:28:35] Media Packet Received
[2026-06-21 22:28:35] Media Packet Received
[2026-06-21 22:28:35] Media Packet Received
[2026-06-21 22:28:35] Media Packet Received
[2026-06-21 22:28:35] Media Packet Received
[2026-06-21 22:28:35] Media Packet Received
[2026-06-21 22:28:35] Media Packet Received
[2026-06-21 22:28:35] Media Packet Received
[2026-06-21 22:28:35] Media Packet Received
[2026-06-21 22:28:35] Media Packet Received
[2026-06-21 22:28:35] Media Packet Received
[2026-06-21 22:28:35] Media Packet Received
[2026-06-21 22:28:35] Media Packet Received
[2026-06-21 22:28:35] Media Packet Received
[2026-06-21 22:28:35] Media Packet Received
[2026-06-21 22:28:35] Media Packet Received
[2026-06-21 22:28:35] Media Packet Received
[2026-06-21 22:28:35] Media Packet Received
[2026-06-21 22:28:35] Media Packet Received
[2026-06-21 22:28:35] Media Packet Received
[2026-06-21 22:28:35] Media Packet Received
[2026-06-21 22:28:35] Media Packet Received
[2026-06-21 22:28:35] Media Packet Received
[2026-06-21 22:28:35] Media Packet Received
[2026-06-21 22:28:35] Media Packet Received
[2026-06-21 22:28:35] Media Packet Received
[2026-06-21 22:28:35] Media Packet Received
[2026-06-21 22:28:35] Media Packet Received
[2026-06-21 22:28:35] Media Packet Received
[2026-06-21 22:28:36] Media Packet Received
[2026-06-21 22:28:36] Media Packet Received
[2026-06-21 22:28:36] Media Packet Received
[2026-06-21 22:28:36] Media Packet Received
[2026-06-21 22:28:36] Media Packet Received
[2026-06-21 22:28:36] Media Packet Received
[2026-06-21 22:28:36] Media Packet Received
[2026-06-21 22:28:36] Media Packet Received
[2026-06-21 22:28:36] Media Packet Received
[2026-06-21 22:28:36] Media Packet Received
[2026-06-21 22:28:36] Media Packet Received
[2026-06-21 22:28:36] Media Packet Received
[2026-06-21 22:28:36] Media Packet Received
[2026-06-21 22:28:36] Media Packet Received
[2026-06-21 22:28:36] Media Packet Received
[2026-06-21 22:28:36] Media Packet Received
[2026-06-21 22:28:36] Media Packet Received
[2026-06-21 22:28:36] Media Packet Received
[2026-06-21 22:28:36] Media Packet Received
[2026-06-21 22:28:36] Media Packet Received
[2026-06-21 22:28:36] Media Packet Received
[2026-06-21 22:28:36] Media Packet Received
[2026-06-21 22:28:36] Media Packet Received
[2026-06-21 22:28:36] Media Packet Received
[2026-06-21 22:28:36] Media Packet Received
[2026-06-21 22:28:36] Media Packet Received
[2026-06-21 22:28:36] Media Packet Received
[2026-06-21 22:28:36] Media Packet Received
[2026-06-21 22:28:36] Media Packet Received
[2026-06-21 22:28:36] Media Packet Received
[2026-06-21 22:28:36] Media Packet Received
[2026-06-21 22:28:36] Media Packet Received
[2026-06-21 22:28:36] Media Packet Received
[2026-06-21 22:28:36] Media Packet Received
[2026-06-21 22:28:36] Media Packet Received
[2026-06-21 22:28:36] Media Packet Received
[2026-06-21 22:28:36] Media Packet Received
[2026-06-21 22:28:36] Media Packet Received
[2026-06-21 22:28:36] Media Packet Received
[2026-06-21 22:28:36] Media Packet Received
[2026-06-21 22:28:36] Media Packet Received
[2026-06-21 22:28:36] Media Packet Received
[2026-06-21 22:28:36] Media Packet Received
[2026-06-21 22:28:36] Media Packet Received
[2026-06-21 22:28:36] Media Packet Received
[2026-06-21 22:28:36] Media Packet Received
[2026-06-21 22:28:36] Media Packet Received
[2026-06-21 22:28:36] Media Packet Received
[2026-06-21 22:28:36] Media Packet Received
[2026-06-21 22:28:36] Media Packet Received
[2026-06-21 22:28:37] Media Packet Received
[2026-06-21 22:28:37] Media Packet Received
[2026-06-21 22:28:37] Media Packet Received
[2026-06-21 22:28:37] Media Packet Received
[2026-06-21 22:28:37] Media Packet Received
[2026-06-21 22:28:37] Media Packet Received
[2026-06-21 22:28:37] Media Packet Received
[2026-06-21 22:28:37] Media Packet Received
[2026-06-21 22:28:37] Media Packet Received
[2026-06-21 22:28:37] Media Packet Received
[2026-06-21 22:28:37] Media Packet Received
[2026-06-21 22:28:37] Media Packet Received
[2026-06-21 22:28:37] Media Packet Received
[2026-06-21 22:28:37] Media Packet Received
[2026-06-21 22:28:37] Media Packet Received
[2026-06-21 22:28:37] Media Packet Received
[2026-06-21 22:28:37] Media Packet Received
[2026-06-21 22:28:37] Media Packet Received
[2026-06-21 22:28:37] Media Packet Received
[2026-06-21 22:28:37] Media Packet Received
[2026-06-21 22:28:37] Media Packet Received
[2026-06-21 22:28:37] Media Packet Received
[2026-06-21 22:28:37] Media Packet Received
[2026-06-21 22:28:37] Media Packet Received
[2026-06-21 22:28:37] Media Packet Received
[2026-06-21 22:28:37] Media Packet Received
[2026-06-21 22:28:37] Media Packet Received
[2026-06-21 22:28:37] Media Packet Received
[2026-06-21 22:28:37] Media Packet Received
[2026-06-21 22:28:37] Media Packet Received
[2026-06-21 22:28:37] Media Packet Received
[2026-06-21 22:28:37] Media Packet Received
[2026-06-21 22:28:37] Media Packet Received
[2026-06-21 22:28:37] Media Packet Received
[2026-06-21 22:28:37] Media Packet Received
[2026-06-21 22:28:37] Media Packet Received
[2026-06-21 22:28:37] Media Packet Received
[2026-06-21 22:28:37] Media Packet Received
[2026-06-21 22:28:37] Media Packet Received
[2026-06-21 22:28:37] Media Packet Received
[2026-06-21 22:28:37] Media Packet Received
[2026-06-21 22:28:37] Media Packet Received
[2026-06-21 22:28:37] Media Packet Received
[2026-06-21 22:28:37] Media Packet Received
[2026-06-21 22:28:37] Media Packet Received
[2026-06-21 22:28:37] Media Packet Received
[2026-06-21 22:28:37] Media Packet Received
[2026-06-21 22:28:37] Media Packet Received
[2026-06-21 22:28:37] Media Packet Received
[2026-06-21 22:28:37] Media Packet Received
[2026-06-21 22:28:38] Media Packet Received
[2026-06-21 22:28:38] Media Packet Received
[2026-06-21 22:28:38] Media Packet Received
[2026-06-21 22:28:38] Media Packet Received
[2026-06-21 22:28:38] Media Packet Received
[2026-06-21 22:28:38] Media Packet Received
[2026-06-21 22:28:38] Media Packet Received
[2026-06-21 22:28:38] Media Packet Received
[2026-06-21 22:28:38] Media Packet Received
[2026-06-21 22:28:38] Media Packet Received
[2026-06-21 22:28:38] Media Packet Received
[2026-06-21 22:28:38] Media Packet Received
[2026-06-21 22:28:38] Media Packet Received
[2026-06-21 22:28:38] Media Packet Received
[2026-06-21 22:28:38] Media Packet Received
[2026-06-21 22:28:38] Media Packet Received
[2026-06-21 22:28:38] Media Packet Received
[2026-06-21 22:28:38] Media Packet Received
[2026-06-21 22:28:38] Media Packet Received
[2026-06-21 22:28:38] Media Packet Received
[2026-06-21 22:28:38] Media Packet Received
[2026-06-21 22:28:38] Media Packet Received
[2026-06-21 22:28:38] Media Packet Received
[2026-06-21 22:28:38] Media Packet Received
[2026-06-21 22:28:38] Media Packet Received
[2026-06-21 22:28:38] Media Packet Received
[2026-06-21 22:28:38] Media Packet Received
[2026-06-21 22:28:38] Media Packet Received
[2026-06-21 22:28:38] Media Packet Received
[2026-06-21 22:28:38] Media Packet Received
[2026-06-21 22:28:38] Media Packet Received
[2026-06-21 22:28:38] Media Packet Received
[2026-06-21 22:28:38] Media Packet Received
[2026-06-21 22:28:38] Media Packet Received
[2026-06-21 22:28:38] Media Packet Received
[2026-06-21 22:28:38] Media Packet Received
[2026-06-21 22:28:38] Media Packet Received
[2026-06-21 22:28:38] Media Packet Received
[2026-06-21 22:28:38] Media Packet Received
[2026-06-21 22:28:38] Media Packet Received
[2026-06-21 22:28:38] Media Packet Received
[2026-06-21 22:28:38] Media Packet Received
[2026-06-21 22:28:38] Media Packet Received
[2026-06-21 22:28:38] Media Packet Received
[2026-06-21 22:28:38] Media Packet Received
[2026-06-21 22:28:38] Media Packet Received
[2026-06-21 22:28:38] Media Packet Received
[2026-06-21 22:28:38] Media Packet Received
[2026-06-21 22:28:38] Media Packet Received
[2026-06-21 22:28:38] Media Packet Received
[2026-06-21 22:28:39] Media Packet Received
[2026-06-21 22:28:39] Media Packet Received
[2026-06-21 22:28:39] Media Packet Received
[2026-06-21 22:28:39] Media Packet Received
[2026-06-21 22:28:39] Media Packet Received
[2026-06-21 22:28:39] Media Packet Received
[2026-06-21 22:28:39] Media Packet Received
[2026-06-21 22:28:39] Media Packet Received
[2026-06-21 22:28:39] Media Packet Received
[2026-06-21 22:28:39] Media Packet Received
[2026-06-21 22:28:39] Media Packet Received
[2026-06-21 22:28:39] Media Packet Received
[2026-06-21 22:28:39] Media Packet Received
[2026-06-21 22:28:39] Media Packet Received
[2026-06-21 22:28:39] Media Packet Received
[2026-06-21 22:28:39] Media Packet Received
[2026-06-21 22:28:39] Media Packet Received
[2026-06-21 22:28:39] Media Packet Received
[2026-06-21 22:28:39] Media Packet Received
[2026-06-21 22:28:39] Media Packet Received
[2026-06-21 22:28:39] Media Packet Received
[2026-06-21 22:28:39] Media Packet Received
[2026-06-21 22:28:39] Media Packet Received
[2026-06-21 22:28:39] Media Packet Received
[2026-06-21 22:28:39] Media Packet Received
[2026-06-21 22:28:39] Media Packet Received
[2026-06-21 22:28:39] Media Packet Received
[2026-06-21 22:28:39] Media Packet Received
[2026-06-21 22:28:39] Media Packet Received
[2026-06-21 22:28:39] Media Packet Received
[2026-06-21 22:28:39] Media Packet Received
[2026-06-21 22:28:39] Media Packet Received
[2026-06-21 22:28:39] Media Packet Received
[2026-06-21 22:28:39] Media Packet Received
[2026-06-21 22:28:39] Media Packet Received
[2026-06-21 22:28:39] Media Packet Received
[2026-06-21 22:28:39] Media Packet Received
[2026-06-21 22:28:39] Media Packet Received
[2026-06-21 22:28:39] Media Packet Received
[2026-06-21 22:28:39] Media Packet Received
[2026-06-21 22:28:39] Media Packet Received
[2026-06-21 22:28:39] Media Packet Received
[2026-06-21 22:28:39] Media Packet Received
[2026-06-21 22:28:39] Media Packet Received
[2026-06-21 22:28:39] Media Packet Received
[2026-06-21 22:28:39] Media Packet Received
[2026-06-21 22:28:39] Media Packet Received
[2026-06-21 22:28:39] Media Packet Received
[2026-06-21 22:28:39] Media Packet Received
[2026-06-21 22:28:39] Media Packet Received
[2026-06-21 22:28:40] Media Packet Received
[2026-06-21 22:28:40] Media Packet Received
[2026-06-21 22:28:40] Media Packet Received
[2026-06-21 22:28:40] Media Packet Received
[2026-06-21 22:28:40] Media Packet Received
[2026-06-21 22:28:40] Media Packet Received
[2026-06-21 22:28:40] Media Packet Received
[2026-06-21 22:28:40] Media Packet Received
[2026-06-21 22:28:40] Media Packet Received
[2026-06-21 22:28:40] Media Packet Received
[2026-06-21 22:28:40] Media Packet Received
[2026-06-21 22:28:40] Media Packet Received
[2026-06-21 22:28:40] Media Packet Received
[2026-06-21 22:28:40] Media Packet Received
[2026-06-21 22:28:40] Media Packet Received
[2026-06-21 22:28:40] Media Packet Received
[2026-06-21 22:28:40] Media Packet Received
[2026-06-21 22:28:40] Media Packet Received
[2026-06-21 22:28:40] Media Packet Received
[2026-06-21 22:28:40] Media Packet Received
[2026-06-21 22:28:40] Media Packet Received
[2026-06-21 22:28:40] Media Packet Received
[2026-06-21 22:28:40] Media Packet Received
[2026-06-21 22:28:40] Media Packet Received
[2026-06-21 22:28:40] Media Packet Received
[2026-06-21 22:28:40] Media Packet Received
[2026-06-21 22:28:40] Media Packet Received
[2026-06-21 22:28:40] Media Packet Received
[2026-06-21 22:28:40] Media Packet Received
[2026-06-21 22:28:40] Media Packet Received
[2026-06-21 22:28:40] Media Packet Received
[2026-06-21 22:28:40] Media Packet Received
[2026-06-21 22:28:40] Media Packet Received
[2026-06-21 22:28:40] Media Packet Received
[2026-06-21 22:28:40] Media Packet Received
[2026-06-21 22:28:40] Media Packet Received
[2026-06-21 22:28:40] Media Packet Received
[2026-06-21 22:28:40] Media Packet Received
[2026-06-21 22:28:40] Media Packet Received
[2026-06-21 22:28:40] Media Packet Received
[2026-06-21 22:28:40] Media Packet Received
[2026-06-21 22:28:40] Media Packet Received
[2026-06-21 22:28:40] Media Packet Received
[2026-06-21 22:28:40] Media Packet Received
[2026-06-21 22:28:40] Media Packet Received
[2026-06-21 22:28:40] Media Packet Received
[2026-06-21 22:28:40] Media Packet Received
[2026-06-21 22:28:40] Media Packet Received
[2026-06-21 22:28:40] Media Packet Received
[2026-06-21 22:28:40] Media Packet Received
[2026-06-21 22:28:41] Media Packet Received
[2026-06-21 22:28:41] Media Packet Received
[2026-06-21 22:28:41] Media Packet Received
[2026-06-21 22:28:41] Media Packet Received
[2026-06-21 22:28:41] Media Packet Received
[2026-06-21 22:28:41] Media Packet Received
[2026-06-21 22:28:41] Media Packet Received
[2026-06-21 22:28:41] Media Packet Received
[2026-06-21 22:28:41] Media Packet Received
[2026-06-21 22:28:41] Media Packet Received
[2026-06-21 22:28:41] Media Packet Received
[2026-06-21 22:28:41] Media Packet Received
[2026-06-21 22:28:41] Media Packet Received
[2026-06-21 22:28:41] Media Packet Received
[2026-06-21 22:28:41] Media Packet Received
[2026-06-21 22:28:41] Media Packet Received
[2026-06-21 22:28:41] Media Packet Received
[2026-06-21 22:28:41] Media Packet Received
[2026-06-21 22:28:41] Media Packet Received
[2026-06-21 22:28:41] Media Packet Received
[2026-06-21 22:28:41] Media Packet Received
[2026-06-21 22:28:41] Media Packet Received
[2026-06-21 22:28:41] Media Packet Received
[2026-06-21 22:28:41] Media Packet Received
[2026-06-21 22:28:41] Media Packet Received
[2026-06-21 22:28:41] Media Packet Received
[2026-06-21 22:28:41] Media Packet Received
[2026-06-21 22:28:41] Media Packet Received
[2026-06-21 22:28:41] Media Packet Received
[2026-06-21 22:28:41] Media Packet Received
[2026-06-21 22:28:41] Media Packet Received
[2026-06-21 22:28:41] Media Packet Received
[2026-06-21 22:28:41] Media Packet Received
[2026-06-21 22:28:41] Media Packet Received
[2026-06-21 22:28:41] Media Packet Received
[2026-06-21 22:28:41] Media Packet Received
[2026-06-21 22:28:41] Media Packet Received
[2026-06-21 22:28:41] Media Packet Received
[2026-06-21 22:28:41] Media Packet Received
[2026-06-21 22:28:41] Media Packet Received
[2026-06-21 22:28:41] Media Packet Received
[2026-06-21 22:28:41] Media Packet Received
[2026-06-21 22:28:41] Media Packet Received
[2026-06-21 22:28:41] Media Packet Received
[2026-06-21 22:28:41] Media Packet Received
[2026-06-21 22:28:41] Media Packet Received
[2026-06-21 22:28:41] Media Packet Received
[2026-06-21 22:28:41] Media Packet Received
[2026-06-21 22:28:41] Media Packet Received
[2026-06-21 22:28:41] Media Packet Received
[2026-06-21 22:28:42] Media Packet Received
[2026-06-21 22:28:42] Media Packet Received
[2026-06-21 22:28:42] Media Packet Received
[2026-06-21 22:28:42] Media Packet Received
[2026-06-21 22:28:42] Media Packet Received
[2026-06-21 22:28:42] Media Packet Received
[2026-06-21 22:28:42] Media Packet Received
[2026-06-21 22:28:42] Media Packet Received
[2026-06-21 22:28:42] Media Packet Received
[2026-06-21 22:28:42] Media Packet Received
[2026-06-21 22:28:42] Media Packet Received
[2026-06-21 22:28:42] Media Packet Received
[2026-06-21 22:28:42] Media Packet Received
[2026-06-21 22:28:42] Media Packet Received
[2026-06-21 22:28:42] Media Packet Received
[2026-06-21 22:28:42] Media Packet Received
[2026-06-21 22:28:42] Media Packet Received
[2026-06-21 22:28:42] Media Packet Received
[2026-06-21 22:28:42] Media Packet Received
[2026-06-21 22:28:42] Media Packet Received
[2026-06-21 22:28:42] Media Packet Received
[2026-06-21 22:28:42] Media Packet Received
[2026-06-21 22:28:42] Media Packet Received
[2026-06-21 22:28:42] Media Packet Received
[2026-06-21 22:28:42] Media Packet Received
[2026-06-21 22:28:42] Media Packet Received
[2026-06-21 22:28:42] Media Packet Received
[2026-06-21 22:28:42] Media Packet Received
[2026-06-21 22:28:42] Media Packet Received
[2026-06-21 22:28:42] Media Packet Received
[2026-06-21 22:28:42] Media Packet Received
[2026-06-21 22:28:42] Media Packet Received
[2026-06-21 22:28:42] Media Packet Received
[2026-06-21 22:28:42] Media Packet Received
[2026-06-21 22:28:42] Media Packet Received
[2026-06-21 22:28:42] Media Packet Received
[2026-06-21 22:28:42] Media Packet Received
[2026-06-21 22:28:42] Media Packet Received
[2026-06-21 22:28:42] Media Packet Received
[2026-06-21 22:28:42] Media Packet Received
[2026-06-21 22:28:42] Media Packet Received
[2026-06-21 22:28:42] Media Packet Received
[2026-06-21 22:28:42] Media Packet Received
[2026-06-21 22:28:42] Media Packet Received
[2026-06-21 22:28:42] Media Packet Received
[2026-06-21 22:28:42] Media Packet Received
[2026-06-21 22:28:42] Media Packet Received
[2026-06-21 22:28:42] Media Packet Received
[2026-06-21 22:28:42] Media Packet Received
[2026-06-21 22:28:42] Media Packet Received
[2026-06-21 22:28:43] Media Packet Received
[2026-06-21 22:28:43] Media Packet Received
[2026-06-21 22:28:43] Media Packet Received
[2026-06-21 22:28:43] Media Packet Received
[2026-06-21 22:28:43] Media Packet Received
[2026-06-21 22:28:43] Media Packet Received
[2026-06-21 22:28:43] Media Packet Received
[2026-06-21 22:28:43] Media Packet Received
[2026-06-21 22:28:43] Media Packet Received
[2026-06-21 22:28:43] Media Packet Received
[2026-06-21 22:28:43] Media Packet Received
[2026-06-21 22:28:43] Media Packet Received
[2026-06-21 22:28:43] Media Packet Received
[2026-06-21 22:28:43] Media Packet Received
[2026-06-21 22:28:43] Media Packet Received
[2026-06-21 22:28:43] Media Packet Received
[2026-06-21 22:28:43] Media Packet Received
[2026-06-21 22:28:43] Media Packet Received
[2026-06-21 22:28:43] Media Packet Received
[2026-06-21 22:28:43] Media Packet Received
[2026-06-21 22:28:43] Media Packet Received
[2026-06-21 22:28:43] Media Packet Received
[2026-06-21 22:28:43] Media Packet Received
[2026-06-21 22:28:43] Media Packet Received
[2026-06-21 22:28:43] Media Packet Received
[2026-06-21 22:28:43] Media Packet Received
[2026-06-21 22:28:43] Media Packet Received
[2026-06-21 22:28:43] Media Packet Received
[2026-06-21 22:28:43] Media Packet Received
[2026-06-21 22:28:43] Media Packet Received
[2026-06-21 22:28:43] Media Packet Received
[2026-06-21 22:28:43] Media Packet Received
[2026-06-21 22:28:43] Media Packet Received
[2026-06-21 22:28:43] Media Packet Received
[2026-06-21 22:28:43] Media Packet Received
[2026-06-21 22:28:43] Media Packet Received
[2026-06-21 22:28:43] Media Packet Received
[2026-06-21 22:28:43] Media Packet Received
[2026-06-21 22:28:43] Media Packet Received
[2026-06-21 22:28:43] Media Packet Received
[2026-06-21 22:28:43] Media Packet Received
[2026-06-21 22:28:43] Media Packet Received
[2026-06-21 22:28:43] Media Packet Received
[2026-06-21 22:28:43] Media Packet Received
[2026-06-21 22:28:43] Media Packet Received
[2026-06-21 22:28:43] Media Packet Received
[2026-06-21 22:28:43] Media Packet Received
[2026-06-21 22:28:43] Media Packet Received
[2026-06-21 22:28:43] Media Packet Received
[2026-06-21 22:28:43] Media Packet Received
[2026-06-21 22:28:44] Media Packet Received
[2026-06-21 22:28:44] Media Packet Received
[2026-06-21 22:28:44] Media Packet Received
[2026-06-21 22:28:44] Media Packet Received
[2026-06-21 22:28:44] Media Packet Received
[2026-06-21 22:28:44] Media Packet Received
[2026-06-21 22:28:44] Media Packet Received
[2026-06-21 22:28:44] Media Packet Received
[2026-06-21 22:28:44] Media Packet Received
[2026-06-21 22:28:44] Media Packet Received
[2026-06-21 22:28:44] Media Packet Received
[2026-06-21 22:28:44] Media Packet Received
[2026-06-21 22:28:44] Media Packet Received
[2026-06-21 22:28:44] Media Packet Received
[2026-06-21 22:28:44] Media Packet Received
[2026-06-21 22:28:44] Media Packet Received
[2026-06-21 22:28:44] Media Packet Received
[2026-06-21 22:28:44] Media Packet Received
[2026-06-21 22:28:44] Media Packet Received
[2026-06-21 22:28:44] Media Packet Received
[2026-06-21 22:28:44] Media Packet Received
[2026-06-21 22:28:44] Media Packet Received
[2026-06-21 22:28:44] Media Packet Received
[2026-06-21 22:28:44] Media Packet Received
[2026-06-21 22:28:44] Media Packet Received
[2026-06-21 22:28:44] Media Packet Received
[2026-06-21 22:28:44] Media Packet Received
[2026-06-21 22:28:44] Media Packet Received
[2026-06-21 22:28:44] Media Packet Received
[2026-06-21 22:28:44] Media Packet Received
[2026-06-21 22:28:44] Media Packet Received
[2026-06-21 22:28:44] Media Packet Received
[2026-06-21 22:28:44] Media Packet Received
[2026-06-21 22:28:44] Media Packet Received
[2026-06-21 22:28:44] Media Packet Received
[2026-06-21 22:28:44] Media Packet Received
[2026-06-21 22:28:44] Media Packet Received
[2026-06-21 22:28:44] Media Packet Received
[2026-06-21 22:28:44] Media Packet Received
[2026-06-21 22:28:44] Media Packet Received
[2026-06-21 22:28:44] Media Packet Received
[2026-06-21 22:28:44] Media Packet Received
[2026-06-21 22:28:44] Media Packet Received
[2026-06-21 22:28:44] Media Packet Received
[2026-06-21 22:28:44] Media Packet Received
[2026-06-21 22:28:44] Media Packet Received
[2026-06-21 22:28:44] Media Packet Received
[2026-06-21 22:28:44] Media Packet Received
[2026-06-21 22:28:44] Media Packet Received
[2026-06-21 22:28:44] Media Packet Received
[2026-06-21 22:28:45] Media Packet Received
[2026-06-21 22:28:45] Media Packet Received
[2026-06-21 22:28:45] Media Packet Received
[2026-06-21 22:28:45] Media Packet Received
[2026-06-21 22:28:45] Media Packet Received
[2026-06-21 22:28:45] Media Packet Received
[2026-06-21 22:28:45] Media Packet Received
[2026-06-21 22:28:45] Media Packet Received
[2026-06-21 22:28:45] Media Packet Received
[2026-06-21 22:28:45] Media Packet Received
[2026-06-21 22:28:45] Media Packet Received
[2026-06-21 22:28:45] Media Packet Received
[2026-06-21 22:28:45] Media Packet Received
[2026-06-21 22:28:45] Media Packet Received
[2026-06-21 22:28:45] Media Packet Received
[2026-06-21 22:28:45] Media Packet Received
[2026-06-21 22:28:45] Media Packet Received
[2026-06-21 22:28:45] Media Packet Received
[2026-06-21 22:28:45] Media Packet Received
[2026-06-21 22:28:45] Media Packet Received
[2026-06-21 22:28:45] Media Packet Received
[2026-06-21 22:28:45] Media Packet Received
[2026-06-21 22:28:45] Media Packet Received
[2026-06-21 22:28:45] Media Packet Received
[2026-06-21 22:28:45] Media Packet Received
[2026-06-21 22:28:45] Media Packet Received
[2026-06-21 22:28:45] Media Packet Received
[2026-06-21 22:28:45] Media Packet Received
[2026-06-21 22:28:45] Media Packet Received
[2026-06-21 22:28:45] Media Packet Received
[2026-06-21 22:28:45] Media Packet Received
[2026-06-21 22:28:45] Media Packet Received
[2026-06-21 22:28:45] Media Packet Received
[2026-06-21 22:28:45] Media Packet Received
[2026-06-21 22:28:45] Media Packet Received
[2026-06-21 22:28:45] Media Packet Received
[2026-06-21 22:28:45] Media Packet Received
[2026-06-21 22:28:45] Media Packet Received
[2026-06-21 22:28:45] Media Packet Received
[2026-06-21 22:28:45] Media Packet Received
[2026-06-21 22:28:45] Media Packet Received
[2026-06-21 22:28:45] Media Packet Received
[2026-06-21 22:28:45] Media Packet Received
[2026-06-21 22:28:45] Media Packet Received
[2026-06-21 22:28:45] Media Packet Received
[2026-06-21 22:28:45] Media Packet Received
[2026-06-21 22:28:45] Media Packet Received
[2026-06-21 22:28:45] Media Packet Received
[2026-06-21 22:28:45] Media Packet Received
[2026-06-21 22:28:45] Media Packet Received
[2026-06-21 22:28:46] Media Packet Received
[2026-06-21 22:28:46] Media Packet Received
[2026-06-21 22:28:46] Media Packet Received
[2026-06-21 22:28:46] Media Packet Received
[2026-06-21 22:28:46] Media Packet Received
[2026-06-21 22:28:46] Media Packet Received
[2026-06-21 22:28:46] Media Packet Received
[2026-06-21 22:28:46] Media Packet Received
[2026-06-21 22:28:46] Media Packet Received
[2026-06-21 22:28:46] Media Packet Received
[2026-06-21 22:28:46] Media Packet Received
[2026-06-21 22:28:46] Media Packet Received
[2026-06-21 22:28:46] Media Packet Received
[2026-06-21 22:28:46] Media Packet Received
[2026-06-21 22:28:46] Media Packet Received
[2026-06-21 22:28:46] Media Packet Received
[2026-06-21 22:28:46] Media Packet Received
[2026-06-21 22:28:46] Media Packet Received
[2026-06-21 22:28:46] Media Packet Received
[2026-06-21 22:28:46] Media Packet Received
[2026-06-21 22:28:46] Media Packet Received
[2026-06-21 22:28:46] Media Packet Received
[2026-06-21 22:28:46] Media Packet Received
[2026-06-21 22:28:46] Media Packet Received
[2026-06-21 22:28:46] Media Packet Received
[2026-06-21 22:28:46] Media Packet Received
[2026-06-21 22:28:46] Media Packet Received
[2026-06-21 22:28:46] Media Packet Received
[2026-06-21 22:28:46] Media Packet Received
[2026-06-21 22:28:46] Media Packet Received
[2026-06-21 22:28:46] Media Packet Received
[2026-06-21 22:28:46] Media Packet Received
[2026-06-21 22:28:46] Media Packet Received
[2026-06-21 22:28:46] Media Packet Received
[2026-06-21 22:28:46] Media Packet Received
[2026-06-21 22:28:46] Media Packet Received
[2026-06-21 22:28:46] Media Packet Received
[2026-06-21 22:28:46] Media Packet Received
[2026-06-21 22:28:46] Media Packet Received
[2026-06-21 22:28:46] Media Packet Received
[2026-06-21 22:28:46] Media Packet Received
[2026-06-21 22:28:46] Media Packet Received
[2026-06-21 22:28:46] Media Packet Received
[2026-06-21 22:28:46] Media Packet Received
[2026-06-21 22:28:46] Media Packet Received
[2026-06-21 22:28:46] Media Packet Received
[2026-06-21 22:28:46] Media Packet Received
[2026-06-21 22:28:46] Media Packet Received
[2026-06-21 22:28:46] Media Packet Received
[2026-06-21 22:28:46] Media Packet Received
[2026-06-21 22:28:47] Media Packet Received
[2026-06-21 22:28:47] Media Packet Received
[2026-06-21 22:28:47] Media Packet Received
[2026-06-21 22:28:47] Media Packet Received
[2026-06-21 22:28:47] Media Packet Received
[2026-06-21 22:28:47] Media Packet Received
[2026-06-21 22:28:47] Media Packet Received
[2026-06-21 22:28:47] Media Packet Received
[2026-06-21 22:28:47] Media Packet Received
[2026-06-21 22:28:47] Media Packet Received
[2026-06-21 22:28:47] Media Packet Received
[2026-06-21 22:28:47] Media Packet Received
[2026-06-21 22:28:47] Media Packet Received
[2026-06-21 22:28:47] Media Packet Received
[2026-06-21 22:28:47] Media Packet Received
[2026-06-21 22:28:47] Media Packet Received
[2026-06-21 22:28:47] Media Packet Received
[2026-06-21 22:28:47] Media Packet Received
[2026-06-21 22:28:47] Media Packet Received
[2026-06-21 22:28:47] Media Packet Received
[2026-06-21 22:28:47] Media Packet Received
[2026-06-21 22:28:47] Media Packet Received
[2026-06-21 22:28:47] Media Packet Received
[2026-06-21 22:28:47] Media Packet Received
[2026-06-21 22:28:47] Media Packet Received
[2026-06-21 22:28:47] Media Packet Received
[2026-06-21 22:28:47] Media Packet Received
[2026-06-21 22:28:47] Media Packet Received
[2026-06-21 22:28:47] Media Packet Received
[2026-06-21 22:28:47] Media Packet Received
[2026-06-21 22:28:47] Media Packet Received
[2026-06-21 22:28:47] Media Packet Received
[2026-06-21 22:28:47] Media Packet Received
[2026-06-21 22:28:47] Media Packet Received
[2026-06-21 22:28:47] Media Packet Received
[2026-06-21 22:28:47] Media Packet Received
[2026-06-21 22:28:47] Media Packet Received
[2026-06-21 22:28:47] Media Packet Received
[2026-06-21 22:28:47] Media Packet Received
[2026-06-21 22:28:47] Media Packet Received
[2026-06-21 22:28:47] Media Packet Received
[2026-06-21 22:28:47] Media Packet Received
[2026-06-21 22:28:47] Media Packet Received
[2026-06-21 22:28:47] Media Packet Received
[2026-06-21 22:28:47] Media Packet Received
[2026-06-21 22:28:47] Media Packet Received
[2026-06-21 22:28:47] Media Packet Received
[2026-06-21 22:28:47] Media Packet Received
[2026-06-21 22:28:47] Media Packet Received
[2026-06-21 22:28:47] Media Packet Received
[2026-06-21 22:28:48] Media Packet Received
[2026-06-21 22:28:48] Media Packet Received
[2026-06-21 22:28:48] Media Packet Received
[2026-06-21 22:28:48] Media Packet Received
[2026-06-21 22:28:48] Media Packet Received
[2026-06-21 22:28:48] Media Packet Received
[2026-06-21 22:28:48] Media Packet Received
[2026-06-21 22:28:48] Media Packet Received
[2026-06-21 22:28:48] Media Packet Received
[2026-06-21 22:28:48] Media Packet Received
[2026-06-21 22:28:48] Media Packet Received
[2026-06-21 22:28:48] Media Packet Received
[2026-06-21 22:28:48] Media Packet Received
[2026-06-21 22:28:48] Media Packet Received
[2026-06-21 22:28:48] Media Packet Received
[2026-06-21 22:28:48] Media Packet Received
[2026-06-21 22:28:48] Media Packet Received
[2026-06-21 22:28:48] Media Packet Received
[2026-06-21 22:28:48] Media Packet Received
[2026-06-21 22:28:48] Media Packet Received
[2026-06-21 22:28:48] Media Packet Received
[2026-06-21 22:28:48] Media Packet Received
[2026-06-21 22:28:48] Media Packet Received
[2026-06-21 22:28:48] Media Packet Received
[2026-06-21 22:28:48] Media Packet Received
[2026-06-21 22:28:48] Media Packet Received
[2026-06-21 22:28:48] Media Packet Received
[2026-06-21 22:28:48] Media Packet Received
[2026-06-21 22:28:48] Media Packet Received
[2026-06-21 22:28:48] Media Packet Received
[2026-06-21 22:28:48] Media Packet Received
[2026-06-21 22:28:48] Media Packet Received
[2026-06-21 22:28:48] Media Packet Received
[2026-06-21 22:28:48] Media Packet Received
[2026-06-21 22:28:48] Media Packet Received
[2026-06-21 22:28:48] Media Packet Received
[2026-06-21 22:28:48] Media Packet Received
[2026-06-21 22:28:48] Media Packet Received
[2026-06-21 22:28:48] Media Packet Received
[2026-06-21 22:28:48] Media Packet Received
[2026-06-21 22:28:48] Media Packet Received
[2026-06-21 22:28:48] Media Packet Received
[2026-06-21 22:28:48] Media Packet Received
[2026-06-21 22:28:48] Media Packet Received
[2026-06-21 22:28:48] Media Packet Received
[2026-06-21 22:28:48] Media Packet Received
[2026-06-21 22:28:48] Media Packet Received
[2026-06-21 22:28:48] Media Packet Received
[2026-06-21 22:28:48] Media Packet Received
[2026-06-21 22:28:48] Media Packet Received
[2026-06-21 22:28:49] Media Packet Received
[2026-06-21 22:28:49] Media Packet Received
[2026-06-21 22:28:49] Media Packet Received
[2026-06-21 22:28:49] Media Packet Received
[2026-06-21 22:28:49] Media Packet Received
[2026-06-21 22:28:49] Media Packet Received
[2026-06-21 22:28:49] Media Packet Received
[2026-06-21 22:28:49] Media Packet Received
[2026-06-21 22:28:49] Media Packet Received
[2026-06-21 22:28:49] Media Packet Received
[2026-06-21 22:28:49] Media Packet Received
[2026-06-21 22:28:49] Media Packet Received
[2026-06-21 22:28:49] Media Packet Received
[2026-06-21 22:28:49] Media Packet Received
[2026-06-21 22:28:49] Media Packet Received
[2026-06-21 22:28:49] Media Packet Received
[2026-06-21 22:28:49] Media Packet Received
[2026-06-21 22:28:49] Media Packet Received
[2026-06-21 22:28:49] Media Packet Received
[2026-06-21 22:28:49] Media Packet Received
[2026-06-21 22:28:49] Media Packet Received
[2026-06-21 22:28:49] Media Packet Received
[2026-06-21 22:28:49] Media Packet Received
[2026-06-21 22:28:49] Media Packet Received
[2026-06-21 22:28:49] Media Packet Received
[2026-06-21 22:28:49] Media Packet Received
[2026-06-21 22:28:49] Media Packet Received
[2026-06-21 22:28:49] Media Packet Received
[2026-06-21 22:28:49] Media Packet Received
[2026-06-21 22:28:49] Media Packet Received
[2026-06-21 22:28:49] Media Packet Received
[2026-06-21 22:28:49] Media Packet Received
[2026-06-21 22:28:49] Media Packet Received
[2026-06-21 22:28:49] Media Packet Received
[2026-06-21 22:28:49] Media Packet Received
[2026-06-21 22:28:49] Media Packet Received
[2026-06-21 22:28:49] Media Packet Received
[2026-06-21 22:28:49] Media Packet Received
[2026-06-21 22:28:49] Media Packet Received
[2026-06-21 22:28:49] Media Packet Received
[2026-06-21 22:28:49] Media Packet Received
[2026-06-21 22:28:49] Media Packet Received
[2026-06-21 22:28:49] Media Packet Received
[2026-06-21 22:28:49] Media Packet Received
[2026-06-21 22:28:49] Media Packet Received
[2026-06-21 22:28:49] Media Packet Received
[2026-06-21 22:28:49] Media Packet Received
[2026-06-21 22:28:49] Media Packet Received
[2026-06-21 22:28:49] Media Packet Received
[2026-06-21 22:28:49] Media Packet Received
[2026-06-21 22:28:50] Media Packet Received
[2026-06-21 22:28:50] Media Packet Received
[2026-06-21 22:28:50] Media Packet Received
[2026-06-21 22:28:50] Media Packet Received
[2026-06-21 22:28:50] Media Packet Received
[2026-06-21 22:28:50] Media Packet Received
[2026-06-21 22:28:50] Media Packet Received
[2026-06-21 22:28:50] Media Packet Received
[2026-06-21 22:28:50] Media Packet Received
[2026-06-21 22:28:50] Media Packet Received
[2026-06-21 22:28:50] Media Packet Received
[2026-06-21 22:28:50] Media Packet Received
[2026-06-21 22:28:50] Media Packet Received
[2026-06-21 22:28:50] Media Packet Received
[2026-06-21 22:28:50] Media Packet Received
[2026-06-21 22:28:50] Media Packet Received
[2026-06-21 22:28:50] Media Packet Received
[2026-06-21 22:28:50] Media Packet Received
[2026-06-21 22:28:50] Media Packet Received
[2026-06-21 22:28:50] Media Packet Received
[2026-06-21 22:28:50] Media Packet Received
[2026-06-21 22:28:50] Media Packet Received
[2026-06-21 22:28:50] Media Packet Received
[2026-06-21 22:28:50] Media Packet Received
[2026-06-21 22:28:50] Media Packet Received
[2026-06-21 22:28:50] Media Packet Received
[2026-06-21 22:28:50] Media Packet Received
[2026-06-21 22:28:50] Media Packet Received
[2026-06-21 22:28:50] Media Packet Received
[2026-06-21 22:28:50] Media Packet Received
[2026-06-21 22:28:50] Media Packet Received
[2026-06-21 22:28:50] Media Packet Received
[2026-06-21 22:28:50] Media Packet Received
[2026-06-21 22:28:50] Media Packet Received
[2026-06-21 22:28:50] Media Packet Received
[2026-06-21 22:28:50] Media Packet Received
[2026-06-21 22:28:50] Media Packet Received
[2026-06-21 22:28:50] Media Packet Received
[2026-06-21 22:28:50] Media Packet Received
[2026-06-21 22:28:50] Media Packet Received
[2026-06-21 22:28:50] Media Packet Received
[2026-06-21 22:28:50] Media Packet Received
[2026-06-21 22:28:50] Media Packet Received
[2026-06-21 22:28:50] Media Packet Received
[2026-06-21 22:28:50] Media Packet Received
[2026-06-21 22:28:50] Media Packet Received
[2026-06-21 22:28:50] Media Packet Received
[2026-06-21 22:28:50] Media Packet Received
[2026-06-21 22:28:50] Media Packet Received
[2026-06-21 22:28:50] Media Packet Received
[2026-06-21 22:28:51] Media Packet Received
[2026-06-21 22:28:51] Media Packet Received
[2026-06-21 22:28:51] Media Packet Received
[2026-06-21 22:28:51] Media Packet Received
[2026-06-21 22:28:51] Media Packet Received
[2026-06-21 22:28:51] Media Packet Received
[2026-06-21 22:28:51] Media Packet Received
[2026-06-21 22:28:51] Media Packet Received
[2026-06-21 22:28:51] Media Packet Received
[2026-06-21 22:28:51] Media Packet Received
[2026-06-21 22:28:51] Media Packet Received
[2026-06-21 22:28:51] Media Packet Received
[2026-06-21 22:28:51] Media Packet Received
[2026-06-21 22:28:51] Media Packet Received
[2026-06-21 22:28:51] Media Packet Received
[2026-06-21 22:28:51] Media Packet Received
[2026-06-21 22:28:51] Media Packet Received
[2026-06-21 22:28:51] Media Packet Received
[2026-06-21 22:28:51] Media Packet Received
[2026-06-21 22:28:51] Media Packet Received
[2026-06-21 22:28:51] Media Packet Received
[2026-06-21 22:28:51] Media Packet Received
[2026-06-21 22:28:51] Media Packet Received
[2026-06-21 22:28:51] Media Packet Received
[2026-06-21 22:28:51] Media Packet Received
[2026-06-21 22:28:51] Media Packet Received
[2026-06-21 22:28:51] Media Packet Received
[2026-06-21 22:28:51] Media Packet Received
[2026-06-21 22:28:51] Media Packet Received
[2026-06-21 22:28:51] Media Packet Received
[2026-06-21 22:28:51] Media Packet Received
[2026-06-21 22:28:51] Media Packet Received
[2026-06-21 22:28:51] Media Packet Received
[2026-06-21 22:28:51] Media Packet Received
[2026-06-21 22:28:51] Media Packet Received
[2026-06-21 22:28:51] Media Packet Received
[2026-06-21 22:28:51] Media Packet Received
[2026-06-21 22:28:51] Media Packet Received
[2026-06-21 22:28:51] Media Packet Received
[2026-06-21 22:28:51] Media Packet Received
[2026-06-21 22:28:51] Media Packet Received
[2026-06-21 22:28:51] Media Packet Received
[2026-06-21 22:28:51] Media Packet Received
[2026-06-21 22:28:51] Media Packet Received
[2026-06-21 22:28:51] Media Packet Received
[2026-06-21 22:28:51] Media Packet Received
[2026-06-21 22:28:51] Media Packet Received
[2026-06-21 22:28:51] Media Packet Received
[2026-06-21 22:28:51] Media Packet Received
[2026-06-21 22:28:51] Media Packet Received
[2026-06-21 22:28:52] Media Packet Received
[2026-06-21 22:28:52] Media Packet Received
[2026-06-21 22:28:52] Media Packet Received
[2026-06-21 22:28:52] Media Packet Received
[2026-06-21 22:28:52] Media Packet Received
[2026-06-21 22:28:52] Media Packet Received
[2026-06-21 22:28:52] Media Packet Received
[2026-06-21 22:28:52] Media Packet Received
[2026-06-21 22:28:52] Media Packet Received
[2026-06-21 22:28:52] Media Packet Received
[2026-06-21 22:28:52] Media Packet Received
[2026-06-21 22:28:52] Media Packet Received
[2026-06-21 22:28:52] Media Packet Received
[2026-06-21 22:28:52] Media Packet Received
[2026-06-21 22:28:52] Media Packet Received
[2026-06-21 22:28:52] Media Packet Received
[2026-06-21 22:28:52] Media Packet Received
[2026-06-21 22:28:52] Media Packet Received
[2026-06-21 22:28:52] Media Packet Received
[2026-06-21 22:28:52] Media Packet Received
[2026-06-21 22:28:52] Media Packet Received
[2026-06-21 22:28:52] Media Packet Received
[2026-06-21 22:28:52] Media Packet Received
[2026-06-21 22:28:52] Media Packet Received
[2026-06-21 22:28:52] Media Packet Received
[2026-06-21 22:28:52] Media Packet Received
[2026-06-21 22:28:52] Media Packet Received
[2026-06-21 22:28:52] Media Packet Received
[2026-06-21 22:28:52] Media Packet Received
[2026-06-21 22:28:52] Media Packet Received
[2026-06-21 22:28:52] Media Packet Received
[2026-06-21 22:28:52] Media Packet Received
[2026-06-21 22:28:52] Media Packet Received
[2026-06-21 22:28:52] Media Packet Received
[2026-06-21 22:28:52] Media Packet Received
[2026-06-21 22:28:52] Media Packet Received
[2026-06-21 22:28:52] Media Packet Received
[2026-06-21 22:28:52] Media Packet Received
[2026-06-21 22:28:52] Media Packet Received
[2026-06-21 22:28:52] Media Packet Received
[2026-06-21 22:28:52] Media Packet Received
[2026-06-21 22:28:52] Media Packet Received
[2026-06-21 22:28:52] Media Packet Received
[2026-06-21 22:28:52] Media Packet Received
[2026-06-21 22:28:52] Media Packet Received
[2026-06-21 22:28:52] Media Packet Received
[2026-06-21 22:28:52] Media Packet Received
[2026-06-21 22:28:52] Media Packet Received
[2026-06-21 22:28:52] Media Packet Received
[2026-06-21 22:28:52] Media Packet Received
[2026-06-21 22:28:53] Media Packet Received
[2026-06-21 22:28:53] Media Packet Received
[2026-06-21 22:28:53] Media Packet Received
[2026-06-21 22:28:53] Media Packet Received
[2026-06-21 22:28:53] Media Packet Received
[2026-06-21 22:28:53] Media Packet Received
[2026-06-21 22:28:53] Media Packet Received
[2026-06-21 22:28:53] Media Packet Received
[2026-06-21 22:28:53] Media Packet Received
[2026-06-21 22:28:53] Media Packet Received
[2026-06-21 22:28:53] Media Packet Received
[2026-06-21 22:28:53] Media Packet Received
[2026-06-21 22:28:53] Media Packet Received
[2026-06-21 22:28:53] Media Packet Received
[2026-06-21 22:28:53] Media Packet Received
[2026-06-21 22:28:53] Media Packet Received
[2026-06-21 22:28:53] Media Packet Received
[2026-06-21 22:28:53] Media Packet Received
[2026-06-21 22:28:53] Media Packet Received
[2026-06-21 22:28:53] Media Packet Received
[2026-06-21 22:28:53] Media Packet Received
[2026-06-21 22:28:53] Media Packet Received
[2026-06-21 22:28:53] Media Packet Received
[2026-06-21 22:28:53] Media Packet Received
[2026-06-21 22:28:53] Media Packet Received
[2026-06-21 22:28:53] Media Packet Received
[2026-06-21 22:28:53] Media Packet Received
[2026-06-21 22:28:53] Media Packet Received
[2026-06-21 22:28:53] Media Packet Received
[2026-06-21 22:28:53] Media Packet Received
[2026-06-21 22:28:53] Media Packet Received
[2026-06-21 22:28:53] Media Packet Received
[2026-06-21 22:28:53] Media Packet Received
[2026-06-21 22:28:53] Media Packet Received
[2026-06-21 22:28:53] Media Packet Received
[2026-06-21 22:28:53] Media Packet Received
[2026-06-21 22:28:53] Media Packet Received
[2026-06-21 22:28:53] Media Packet Received
[2026-06-21 22:28:53] Media Packet Received
[2026-06-21 22:28:53] Media Packet Received
[2026-06-21 22:28:53] Media Packet Received
[2026-06-21 22:28:53] Media Packet Received
[2026-06-21 22:28:53] Media Packet Received
[2026-06-21 22:28:53] Media Packet Received
[2026-06-21 22:28:53] Media Packet Received
[2026-06-21 22:28:53] Media Packet Received
[2026-06-21 22:28:53] Media Packet Received
[2026-06-21 22:28:53] Media Packet Received
[2026-06-21 22:28:53] Media Packet Received
[2026-06-21 22:28:53] Media Packet Received
[2026-06-21 22:28:54] Media Packet Received
[2026-06-21 22:28:54] Media Packet Received
[2026-06-21 22:28:54] Media Packet Received
[2026-06-21 22:28:54] Media Packet Received
[2026-06-21 22:28:54] Media Packet Received
[2026-06-21 22:28:54] Media Packet Received
[2026-06-21 22:28:54] Media Packet Received
[2026-06-21 22:28:54] Media Packet Received
[2026-06-21 22:28:54] Media Packet Received
[2026-06-21 22:28:54] Media Packet Received
[2026-06-21 22:28:54] Media Packet Received
[2026-06-21 22:28:54] Media Packet Received
[2026-06-21 22:28:54] Media Packet Received
[2026-06-21 22:28:54] Media Packet Received
[2026-06-21 22:28:54] Media Packet Received
[2026-06-21 22:28:54] Media Packet Received
[2026-06-21 22:28:54] Media Packet Received
[2026-06-21 22:28:54] Media Packet Received
[2026-06-21 22:28:54] Media Packet Received
[2026-06-21 22:28:54] Media Packet Received
[2026-06-21 22:28:54] Media Packet Received
[2026-06-21 22:28:54] Media Packet Received
[2026-06-21 22:28:54] Media Packet Received
[2026-06-21 22:28:54] Media Packet Received
[2026-06-21 22:28:54] Media Packet Received
[2026-06-21 22:28:54] Media Packet Received
[2026-06-21 22:28:54] Media Packet Received
[2026-06-21 22:28:54] Media Packet Received
[2026-06-21 22:28:54] Media Packet Received
[2026-06-21 22:28:54] Media Packet Received
[2026-06-21 22:28:54] Media Packet Received
[2026-06-21 22:28:54] Media Packet Received
[2026-06-21 22:28:54] Media Packet Received
[2026-06-21 22:28:54] Media Packet Received
[2026-06-21 22:28:54] Media Packet Received
[2026-06-21 22:28:54] Media Packet Received
[2026-06-21 22:28:54] Media Packet Received
[2026-06-21 22:28:54] Media Packet Received
[2026-06-21 22:28:54] Media Packet Received
[2026-06-21 22:28:54] Media Packet Received
[2026-06-21 22:28:54] Media Packet Received
[2026-06-21 22:28:54] Media Packet Received
[2026-06-21 22:28:54] Media Packet Received
[2026-06-21 22:28:54] Media Packet Received
[2026-06-21 22:28:54] Media Packet Received
[2026-06-21 22:28:54] Media Packet Received
[2026-06-21 22:28:54] Media Packet Received
[2026-06-21 22:28:54] Media Packet Received
[2026-06-21 22:28:54] Media Packet Received
[2026-06-21 22:28:54] Media Packet Received
[2026-06-21 22:28:55] Media Packet Received
[2026-06-21 22:28:55] Media Packet Received
[2026-06-21 22:28:55] Media Packet Received
[2026-06-21 22:28:55] Media Packet Received
[2026-06-21 22:28:55] Media Packet Received
[2026-06-21 22:28:55] Media Packet Received
[2026-06-21 22:28:55] Media Packet Received
[2026-06-21 22:28:55] Media Packet Received
[2026-06-21 22:28:55] Media Packet Received
[2026-06-21 22:28:55] Media Packet Received
[2026-06-21 22:28:55] Media Packet Received
[2026-06-21 22:28:55] Media Packet Received
[2026-06-21 22:28:55] Media Packet Received
[2026-06-21 22:28:55] Media Packet Received
[2026-06-21 22:28:55] Media Packet Received
[2026-06-21 22:28:55] Media Packet Received
[2026-06-21 22:28:55] Media Packet Received
[2026-06-21 22:28:55] Media Packet Received
[2026-06-21 22:28:55] Media Packet Received
[2026-06-21 22:28:55] Media Packet Received
[2026-06-21 22:28:55] Media Packet Received
[2026-06-21 22:28:55] Media Packet Received
[2026-06-21 22:28:55] Media Packet Received
[2026-06-21 22:28:55] Media Packet Received
[2026-06-21 22:28:55] Media Packet Received
[2026-06-21 22:28:55] Media Packet Received
[2026-06-21 22:28:55] Media Packet Received
[2026-06-21 22:28:55] Media Packet Received
[2026-06-21 22:28:55] Media Packet Received
[2026-06-21 22:28:55] Media Packet Received
[2026-06-21 22:28:55] Media Packet Received
[2026-06-21 22:28:55] Media Packet Received
[2026-06-21 22:28:55] Media Packet Received
[2026-06-21 22:28:55] Media Packet Received
[2026-06-21 22:28:55] Media Packet Received
[2026-06-21 22:28:55] Media Packet Received
[2026-06-21 22:28:55] Media Packet Received
[2026-06-21 22:28:55] Media Packet Received
[2026-06-21 22:28:55] Media Packet Received
[2026-06-21 22:28:55] Media Packet Received
[2026-06-21 22:28:55] Media Packet Received
[2026-06-21 22:28:55] Media Packet Received
[2026-06-21 22:28:55] Media Packet Received
[2026-06-21 22:28:55] Media Packet Received
[2026-06-21 22:28:55] Media Packet Received
[2026-06-21 22:28:55] Media Packet Received
[2026-06-21 22:28:55] Media Packet Received
[2026-06-21 22:28:55] Media Packet Received
[2026-06-21 22:28:55] Media Packet Received
[2026-06-21 22:28:55] Media Packet Received
[2026-06-21 22:28:56] Media Packet Received
[2026-06-21 22:28:56] Media Packet Received
[2026-06-21 22:28:56] Media Packet Received
[2026-06-21 22:28:56] Media Packet Received
[2026-06-21 22:28:56] Media Packet Received
[2026-06-21 22:28:56] Media Packet Received
[2026-06-21 22:28:56] Media Packet Received
[2026-06-21 22:28:56] Media Packet Received
[2026-06-21 22:28:56] Media Packet Received
[2026-06-21 22:28:56] Media Packet Received
[2026-06-21 22:28:56] Media Packet Received
[2026-06-21 22:28:56] Media Packet Received
[2026-06-21 22:28:56] Media Packet Received
[2026-06-21 22:28:56] Media Packet Received
[2026-06-21 22:28:56] Media Packet Received
[2026-06-21 22:28:56] Media Packet Received
[2026-06-21 22:28:56] Media Packet Received
[2026-06-21 22:28:56] Media Packet Received
[2026-06-21 22:28:56] Media Packet Received
[2026-06-21 22:28:56] Media Packet Received
[2026-06-21 22:28:56] Media Packet Received
[2026-06-21 22:28:56] Media Packet Received
[2026-06-21 22:28:56] Media Packet Received
[2026-06-21 22:28:56] Media Packet Received
[2026-06-21 22:28:56] Media Packet Received
[2026-06-21 22:28:56] Media Packet Received
[2026-06-21 22:28:56] Media Packet Received
[2026-06-21 22:28:56] Media Packet Received
[2026-06-21 22:28:56] Media Packet Received
[2026-06-21 22:28:56] Media Packet Received
[2026-06-21 22:28:56] Media Packet Received
[2026-06-21 22:28:56] Media Packet Received
[2026-06-21 22:28:56] Media Packet Received
[2026-06-21 22:28:56] Media Packet Received
[2026-06-21 22:28:56] Media Packet Received
[2026-06-21 22:28:56] Media Packet Received
[2026-06-21 22:28:56] Media Packet Received
[2026-06-21 22:28:56] Media Packet Received
[2026-06-21 22:28:56] Media Packet Received
[2026-06-21 22:28:56] Media Packet Received
[2026-06-21 22:28:56] Media Packet Received
[2026-06-21 22:28:56] Media Packet Received
[2026-06-21 22:28:56] Media Packet Received
[2026-06-21 22:28:56] Media Packet Received
[2026-06-21 22:28:56] Media Packet Received
[2026-06-21 22:28:56] Media Packet Received
[2026-06-21 22:28:56] Media Packet Received
[2026-06-21 22:28:56] Media Packet Received
[2026-06-21 22:28:56] Media Packet Received
[2026-06-21 22:28:56] Media Packet Received
[2026-06-21 22:28:57] Media Packet Received
[2026-06-21 22:28:57] Media Packet Received
[2026-06-21 22:28:57] Media Packet Received
[2026-06-21 22:28:57] Media Packet Received
[2026-06-21 22:28:57] Media Packet Received
[2026-06-21 22:28:57] Media Packet Received
[2026-06-21 22:28:57] Media Packet Received
[2026-06-21 22:28:57] Media Packet Received
[2026-06-21 22:28:57] Media Packet Received
[2026-06-21 22:28:57] Media Packet Received
[2026-06-21 22:28:57] Media Packet Received
[2026-06-21 22:28:57] Media Packet Received
[2026-06-21 22:28:57] Media Packet Received
[2026-06-21 22:28:57] Media Packet Received
[2026-06-21 22:28:57] Media Packet Received
[2026-06-21 22:28:57] Media Packet Received
[2026-06-21 22:28:57] Media Packet Received
[2026-06-21 22:28:57] Media Packet Received
[2026-06-21 22:28:57] Media Packet Received
[2026-06-21 22:28:57] Media Packet Received
[2026-06-21 22:28:57] Media Packet Received
[2026-06-21 22:28:57] Media Packet Received
[2026-06-21 22:28:57] Media Packet Received
[2026-06-21 22:28:57] Media Packet Received
[2026-06-21 22:28:57] Media Packet Received
[2026-06-21 22:28:57] Media Packet Received
[2026-06-21 22:28:57] Media Packet Received
[2026-06-21 22:28:57] Media Packet Received
[2026-06-21 22:28:57] Media Packet Received
[2026-06-21 22:28:57] Media Packet Received
[2026-06-21 22:28:57] Media Packet Received
[2026-06-21 22:28:57] Media Packet Received
[2026-06-21 22:28:57] Media Packet Received
[2026-06-21 22:28:57] Media Packet Received
[2026-06-21 22:28:57] Media Packet Received
[2026-06-21 22:28:57] Media Packet Received
[2026-06-21 22:28:57] Media Packet Received
[2026-06-21 22:28:57] Media Packet Received
[2026-06-21 22:28:57] Media Packet Received
[2026-06-21 22:28:57] Media Packet Received
[2026-06-21 22:28:57] Media Packet Received
[2026-06-21 22:28:57] Media Packet Received
[2026-06-21 22:28:57] Media Packet Received
[2026-06-21 22:28:57] Media Packet Received
[2026-06-21 22:28:57] Media Packet Received
[2026-06-21 22:28:57] Media Packet Received
[2026-06-21 22:28:57] Media Packet Received
[2026-06-21 22:28:57] Media Packet Received
[2026-06-21 22:28:57] Media Packet Received
[2026-06-21 22:28:57] Media Packet Received
[2026-06-21 22:28:58] Media Packet Received
[2026-06-21 22:28:58] Media Packet Received
[2026-06-21 22:28:58] Media Packet Received
[2026-06-21 22:28:58] Media Packet Received
[2026-06-21 22:28:58] Media Packet Received
[2026-06-21 22:28:58] Media Packet Received
[2026-06-21 22:28:58] Media Packet Received
[2026-06-21 22:28:58] Media Packet Received
[2026-06-21 22:28:58] Media Packet Received
[2026-06-21 22:28:58] Media Packet Received
[2026-06-21 22:28:58] Media Packet Received
[2026-06-21 22:28:58] Media Packet Received
[2026-06-21 22:28:58] Media Packet Received
[2026-06-21 22:28:58] Media Packet Received
[2026-06-21 22:28:58] Media Packet Received
[2026-06-21 22:28:58] Media Packet Received
[2026-06-21 22:28:58] Media Packet Received
[2026-06-21 22:28:58] Media Packet Received
[2026-06-21 22:28:58] Media Packet Received
[2026-06-21 22:28:58] Media Packet Received
[2026-06-21 22:28:58] Media Packet Received
[2026-06-21 22:28:58] Media Packet Received
[2026-06-21 22:28:58] Media Packet Received
[2026-06-21 22:28:58] Media Packet Received
[2026-06-21 22:28:58] Media Packet Received
[2026-06-21 22:28:58] Media Packet Received
[2026-06-21 22:28:58] Media Packet Received
[2026-06-21 22:28:58] Media Packet Received
[2026-06-21 22:28:58] Media Packet Received
[2026-06-21 22:28:58] Media Packet Received
[2026-06-21 22:28:58] Media Packet Received
[2026-06-21 22:28:58] Media Packet Received
[2026-06-21 22:28:58] Media Packet Received
[2026-06-21 22:28:58] Media Packet Received
[2026-06-21 22:28:58] Media Packet Received
[2026-06-21 22:28:58] Media Packet Received
[2026-06-21 22:28:58] Media Packet Received
[2026-06-21 22:28:58] Media Packet Received
[2026-06-21 22:28:58] Media Packet Received
[2026-06-21 22:28:58] Media Packet Received
[2026-06-21 22:28:58] Media Packet Received
[2026-06-21 22:28:58] Media Packet Received
[2026-06-21 22:28:58] Media Packet Received
[2026-06-21 22:28:58] Media Packet Received
[2026-06-21 22:28:58] Media Packet Received
[2026-06-21 22:28:58] Media Packet Received
[2026-06-21 22:28:58] Media Packet Received
[2026-06-21 22:28:58] Media Packet Received
[2026-06-21 22:28:58] Media Packet Received
[2026-06-21 22:28:58] Media Packet Received
[2026-06-21 22:28:59] Media Packet Received
[2026-06-21 22:28:59] Media Packet Received
[2026-06-21 22:28:59] Media Packet Received
[2026-06-21 22:28:59] Media Packet Received
[2026-06-21 22:28:59] Media Packet Received
[2026-06-21 22:28:59] Media Packet Received
[2026-06-21 22:28:59] Media Packet Received
[2026-06-21 22:28:59] Media Packet Received
[2026-06-21 22:28:59] Media Packet Received
[2026-06-21 22:28:59] Media Packet Received
[2026-06-21 22:28:59] Media Packet Received
[2026-06-21 22:28:59] Media Packet Received
[2026-06-21 22:28:59] Media Packet Received
[2026-06-21 22:28:59] Media Packet Received
[2026-06-21 22:28:59] Media Packet Received
[2026-06-21 22:28:59] Media Packet Received
[2026-06-21 22:28:59] Media Packet Received
[2026-06-21 22:28:59] Media Packet Received
[2026-06-21 22:28:59] Media Packet Received
[2026-06-21 22:28:59] Media Packet Received
[2026-06-21 22:28:59] Media Packet Received
[2026-06-21 22:28:59] Media Packet Received
[2026-06-21 22:28:59] Media Packet Received
[2026-06-21 22:28:59] Media Packet Received
[2026-06-21 22:28:59] Media Packet Received
[2026-06-21 22:28:59] Media Packet Received
[2026-06-21 22:28:59] Media Packet Received
[2026-06-21 22:28:59] Media Packet Received
[2026-06-21 22:28:59] Media Packet Received
[2026-06-21 22:28:59] Media Packet Received
[2026-06-21 22:28:59] Media Packet Received
[2026-06-21 22:28:59] Media Packet Received
[2026-06-21 22:28:59] Media Packet Received
[2026-06-21 22:28:59] Media Packet Received
[2026-06-21 22:28:59] Media Packet Received
[2026-06-21 22:28:59] Media Packet Received
[2026-06-21 22:28:59] Media Packet Received
[2026-06-21 22:28:59] Media Packet Received
[2026-06-21 22:28:59] Media Packet Received
[2026-06-21 22:28:59] Media Packet Received
[2026-06-21 22:28:59] Media Packet Received
[2026-06-21 22:28:59] Media Packet Received
[2026-06-21 22:28:59] Media Packet Received
[2026-06-21 22:28:59] Media Packet Received
[2026-06-21 22:28:59] Media Packet Received
[2026-06-21 22:28:59] Media Packet Received
[2026-06-21 22:28:59] Media Packet Received
[2026-06-21 22:28:59] Media Packet Received
[2026-06-21 22:28:59] Media Packet Received
[2026-06-21 22:28:59] Media Packet Received
[2026-06-21 22:29:00] Media Packet Received
[2026-06-21 22:29:00] Media Packet Received
[2026-06-21 22:29:00] Media Packet Received
[2026-06-21 22:29:00] Media Packet Received
[2026-06-21 22:29:00] Media Packet Received
[2026-06-21 22:29:00] Media Packet Received
[2026-06-21 22:29:00] Media Packet Received
[2026-06-21 22:29:00] Media Packet Received
[2026-06-21 22:29:00] Media Packet Received
[2026-06-21 22:29:00] Media Packet Received
[2026-06-21 22:29:00] Media Packet Received
[2026-06-21 22:29:00] Media Packet Received
[2026-06-21 22:29:00] Media Packet Received
[2026-06-21 22:29:00] Media Packet Received
[2026-06-21 22:29:00] Media Packet Received
[2026-06-21 22:29:00] Media Packet Received
[2026-06-21 22:29:00] Media Packet Received
[2026-06-21 22:29:00] Media Packet Received
[2026-06-21 22:29:00] Media Packet Received
[2026-06-21 22:29:00] Media Packet Received
[2026-06-21 22:29:00] Media Packet Received
[2026-06-21 22:29:00] Media Packet Received
[2026-06-21 22:29:00] Media Packet Received
[2026-06-21 22:29:00] Media Packet Received
[2026-06-21 22:29:00] Media Packet Received
[2026-06-21 22:29:00] Media Packet Received
[2026-06-21 22:29:00] Media Packet Received
[2026-06-21 22:29:00] Media Packet Received
[2026-06-21 22:29:00] Media Packet Received
[2026-06-21 22:29:00] Media Packet Received
[2026-06-21 22:29:00] Media Packet Received
[2026-06-21 22:29:00] Media Packet Received
[2026-06-21 22:29:00] Media Packet Received
[2026-06-21 22:29:00] Media Packet Received
[2026-06-21 22:29:00] Media Packet Received
[2026-06-21 22:29:00] Media Packet Received
[2026-06-21 22:29:00] Media Packet Received
[2026-06-21 22:29:00] Media Packet Received
[2026-06-21 22:29:00] Media Packet Received
[2026-06-21 22:29:00] Media Packet Received
[2026-06-21 22:29:00] Media Packet Received
[2026-06-21 22:29:00] Media Packet Received
[2026-06-21 22:29:00] Media Packet Received
[2026-06-21 22:29:00] Media Packet Received
[2026-06-21 22:29:00] Media Packet Received
[2026-06-21 22:29:00] Media Packet Received
[2026-06-21 22:29:00] Media Packet Received
[2026-06-21 22:29:00] Media Packet Received
[2026-06-21 22:29:00] Media Packet Received
[2026-06-21 22:29:00] Media Packet Received
[2026-06-21 22:29:01] Media Packet Received
[2026-06-21 22:29:01] Media Packet Received
[2026-06-21 22:29:01] Media Packet Received
[2026-06-21 22:29:01] Media Packet Received
[2026-06-21 22:29:01] Media Packet Received
[2026-06-21 22:29:01] Media Packet Received
[2026-06-21 22:29:01] Media Packet Received
[2026-06-21 22:29:01] Media Packet Received
[2026-06-21 22:29:01] Media Packet Received
[2026-06-21 22:29:01] Media Packet Received
[2026-06-21 22:29:01] Media Packet Received
[2026-06-21 22:29:01] Media Packet Received
[2026-06-21 22:29:01] Media Packet Received
[2026-06-21 22:29:01] Media Packet Received
[2026-06-21 22:29:01] Media Packet Received
[2026-06-21 22:29:01] Media Packet Received
[2026-06-21 22:29:01] Media Packet Received
[2026-06-21 22:29:01] Media Packet Received
[2026-06-21 22:29:01] Media Packet Received
[2026-06-21 22:29:01] Media Packet Received
[2026-06-21 22:29:01] Media Packet Received
[2026-06-21 22:29:01] Media Packet Received
[2026-06-21 22:29:01] Media Packet Received
[2026-06-21 22:29:01] Media Packet Received
[2026-06-21 22:29:01] Media Packet Received
[2026-06-21 22:29:01] Media Packet Received
[2026-06-21 22:29:01] Media Packet Received
[2026-06-21 22:29:01] Media Packet Received
[2026-06-21 22:29:01] Media Packet Received
[2026-06-21 22:29:01] Media Packet Received
[2026-06-21 22:29:01] Media Packet Received
[2026-06-21 22:29:01] Media Packet Received
[2026-06-21 22:29:01] Media Packet Received
[2026-06-21 22:29:01] Media Packet Received
[2026-06-21 22:29:01] Media Packet Received
[2026-06-21 22:29:01] Media Packet Received
[2026-06-21 22:29:01] Media Packet Received
[2026-06-21 22:29:01] Media Packet Received
[2026-06-21 22:29:01] Media Packet Received
[2026-06-21 22:29:01] Media Packet Received
[2026-06-21 22:29:01] Media Packet Received
[2026-06-21 22:29:01] Media Packet Received
[2026-06-21 22:29:01] Media Packet Received
[2026-06-21 22:29:01] Media Packet Received
[2026-06-21 22:29:01] Media Packet Received
[2026-06-21 22:29:01] Media Packet Received
[2026-06-21 22:29:01] Media Packet Received
[2026-06-21 22:29:01] Media Packet Received
[2026-06-21 22:29:01] Media Packet Received
[2026-06-21 22:29:01] Media Packet Received
[2026-06-21 22:29:02] Media Packet Received
[2026-06-21 22:29:02] Media Packet Received
[2026-06-21 22:29:02] Media Packet Received
[2026-06-21 22:29:02] Media Packet Received
[2026-06-21 22:29:02] Media Packet Received
[2026-06-21 22:29:02] Media Packet Received
[2026-06-21 22:29:02] Media Packet Received
[2026-06-21 22:29:02] Media Packet Received
[2026-06-21 22:29:02] Media Packet Received
[2026-06-21 22:29:02] Media Packet Received
[2026-06-21 22:29:02] Media Packet Received
[2026-06-21 22:29:02] Media Packet Received
[2026-06-21 22:29:02] Media Packet Received
[2026-06-21 22:29:02] Media Packet Received
[2026-06-21 22:29:02] Media Packet Received
[2026-06-21 22:29:02] Media Packet Received
[2026-06-21 22:29:02] Media Packet Received
[2026-06-21 22:29:02] Media Packet Received
[2026-06-21 22:29:02] Media Packet Received
[2026-06-21 22:29:02] Media Packet Received
[2026-06-21 22:29:02] Media Packet Received
[2026-06-21 22:29:02] Media Packet Received
[2026-06-21 22:29:02] Media Packet Received
[2026-06-21 22:29:02] Media Packet Received
[2026-06-21 22:29:02] Media Packet Received
[2026-06-21 22:29:02] Media Packet Received
[2026-06-21 22:29:02] Media Packet Received
[2026-06-21 22:29:02] Media Packet Received
[2026-06-21 22:29:02] Media Packet Received
[2026-06-21 22:29:02] Media Packet Received
[2026-06-21 22:29:02] Media Packet Received
[2026-06-21 22:29:02] Media Packet Received
[2026-06-21 22:29:02] Media Packet Received
[2026-06-21 22:29:02] Media Packet Received
[2026-06-21 22:29:02] Media Packet Received
[2026-06-21 22:29:02] Media Packet Received
[2026-06-21 22:29:02] Media Packet Received
[2026-06-21 22:29:02] Media Packet Received
[2026-06-21 22:29:02] Media Packet Received
[2026-06-21 22:29:02] Media Packet Received
[2026-06-21 22:29:02] Media Packet Received
[2026-06-21 22:29:02] Media Packet Received
[2026-06-21 22:29:02] Media Packet Received
[2026-06-21 22:29:02] Stream Stopped
[2026-06-21 22:29:03] WebSocket Disconnected
[2026-06-21 23:01:37] WebSocket Attempt
[2026-06-21 23:01:37] WebSocket Accepted
[2026-06-21 23:01:37] Twilio Stream Connected
[2026-06-21 23:01:37] Stream Started: MZ478192087a099d314678ccb5270a6b7a
[2026-06-21 23:01:37] Media Packet Received
[2026-06-21 23:01:37] Media Packet Received
[2026-06-21 23:01:37] Media Packet Received
[2026-06-21 23:01:37] Media Packet Received
[2026-06-21 23:01:37] Media Packet Received
[2026-06-21 23:01:37] Media Packet Received
[2026-06-21 23:01:37] Media Packet Received
[2026-06-21 23:01:37] Media Packet Received
[2026-06-21 23:01:37] Media Packet Received
[2026-06-21 23:01:37] Media Packet Received
[2026-06-21 23:01:37] Media Packet Received
[2026-06-21 23:01:37] Media Packet Received
[2026-06-21 23:01:37] Media Packet Received
[2026-06-21 23:01:37] Media Packet Received
[2026-06-21 23:01:37] Media Packet Received
[2026-06-21 23:01:37] Media Packet Received
[2026-06-21 23:01:37] Media Packet Received
[2026-06-21 23:01:37] Media Packet Received
[2026-06-21 23:01:37] Media Packet Received
[2026-06-21 23:01:37] Media Packet Received
[2026-06-21 23:01:37] Media Packet Received
[2026-06-21 23:01:37] Media Packet Received
[2026-06-21 23:01:37] Media Packet Received
[2026-06-21 23:01:37] Media Packet Received
[2026-06-21 23:01:37] Media Packet Received
[2026-06-21 23:01:37] Media Packet Received
[2026-06-21 23:01:37] Media Packet Received
[2026-06-21 23:01:37] Media Packet Received
[2026-06-21 23:01:37] Media Packet Received
[2026-06-21 23:01:37] Media Packet Received
[2026-06-21 23:01:37] Media Packet Received
[2026-06-21 23:01:37] Media Packet Received
[2026-06-21 23:01:37] Media Packet Received
[2026-06-21 23:01:37] Media Packet Received
[2026-06-21 23:01:37] Media Packet Received
[2026-06-21 23:01:37] Media Packet Received
[2026-06-21 23:01:37] Media Packet Received
[2026-06-21 23:01:37] Media Packet Received
[2026-06-21 23:01:37] Media Packet Received
[2026-06-21 23:01:37] Media Packet Received
[2026-06-21 23:01:38] Media Packet Received
[2026-06-21 23:01:38] Media Packet Received
[2026-06-21 23:01:38] Media Packet Received
[2026-06-21 23:01:38] Media Packet Received
[2026-06-21 23:01:38] Media Packet Received
[2026-06-21 23:01:38] Media Packet Received
[2026-06-21 23:01:38] Media Packet Received
[2026-06-21 23:01:38] Media Packet Received
[2026-06-21 23:01:38] Media Packet Received
[2026-06-21 23:01:38] Media Packet Received
[2026-06-21 23:01:38] Media Packet Received
[2026-06-21 23:01:38] Media Packet Received
[2026-06-21 23:01:38] Media Packet Received
[2026-06-21 23:01:38] Media Packet Received
[2026-06-21 23:01:38] Media Packet Received
[2026-06-21 23:01:38] Media Packet Received
[2026-06-21 23:01:38] Media Packet Received
[2026-06-21 23:01:38] Media Packet Received
[2026-06-21 23:01:38] Media Packet Received
[2026-06-21 23:01:38] Media Packet Received
[2026-06-21 23:01:38] Media Packet Received
[2026-06-21 23:01:38] Media Packet Received
[2026-06-21 23:01:38] Media Packet Received
[2026-06-21 23:01:38] Media Packet Received
[2026-06-21 23:01:38] Media Packet Received
[2026-06-21 23:01:38] Media Packet Received
[2026-06-21 23:01:38] Media Packet Received
[2026-06-21 23:01:38] Media Packet Received
[2026-06-21 23:01:38] Media Packet Received
[2026-06-21 23:01:38] Media Packet Received
[2026-06-21 23:01:38] Media Packet Received
[2026-06-21 23:01:38] Media Packet Received
[2026-06-21 23:01:38] Media Packet Received
[2026-06-21 23:01:38] Media Packet Received
[2026-06-21 23:01:38] Media Packet Received
[2026-06-21 23:01:38] Media Packet Received
[2026-06-21 23:01:38] Media Packet Received
[2026-06-21 23:01:38] Media Packet Received
[2026-06-21 23:01:38] Media Packet Received
[2026-06-21 23:01:38] Media Packet Received
[2026-06-21 23:01:38] Media Packet Received
[2026-06-21 23:01:38] Media Packet Received
[2026-06-21 23:01:38] Media Packet Received
[2026-06-21 23:01:38] Media Packet Received
[2026-06-21 23:01:38] Media Packet Received
[2026-06-21 23:01:38] Media Packet Received
[2026-06-21 23:01:38] Media Packet Received
[2026-06-21 23:01:38] Media Packet Received
[2026-06-21 23:01:38] Media Packet Received
[2026-06-21 23:01:38] Media Packet Received
[2026-06-21 23:01:39] Media Packet Received
[2026-06-21 23:01:39] Media Packet Received
[2026-06-21 23:01:39] Media Packet Received
[2026-06-21 23:01:39] Media Packet Received
[2026-06-21 23:01:39] Media Packet Received
[2026-06-21 23:01:39] Media Packet Received
[2026-06-21 23:01:39] Media Packet Received
[2026-06-21 23:01:39] Media Packet Received
[2026-06-21 23:01:39] Media Packet Received
[2026-06-21 23:01:39] Media Packet Received
[2026-06-21 23:01:39] Media Packet Received
[2026-06-21 23:01:39] Media Packet Received
[2026-06-21 23:01:39] Media Packet Received
[2026-06-21 23:01:39] Media Packet Received
[2026-06-21 23:01:39] Media Packet Received
[2026-06-21 23:01:39] Media Packet Received
[2026-06-21 23:01:39] Media Packet Received
[2026-06-21 23:01:39] Media Packet Received
[2026-06-21 23:01:39] Media Packet Received
[2026-06-21 23:01:39] Media Packet Received
[2026-06-21 23:01:39] Media Packet Received
[2026-06-21 23:01:39] Media Packet Received
[2026-06-21 23:01:39] Media Packet Received
[2026-06-21 23:01:39] Media Packet Received
[2026-06-21 23:01:39] Media Packet Received
[2026-06-21 23:01:39] Media Packet Received
[2026-06-21 23:01:39] Media Packet Received
[2026-06-21 23:01:39] Media Packet Received
[2026-06-21 23:01:39] Media Packet Received
[2026-06-21 23:01:39] Media Packet Received
[2026-06-21 23:01:39] Media Packet Received
[2026-06-21 23:01:39] Media Packet Received
[2026-06-21 23:01:39] Media Packet Received
[2026-06-21 23:01:39] Media Packet Received
[2026-06-21 23:01:39] Media Packet Received
[2026-06-21 23:01:39] Media Packet Received
[2026-06-21 23:01:39] Media Packet Received
[2026-06-21 23:01:39] Media Packet Received
[2026-06-21 23:01:39] Media Packet Received
[2026-06-21 23:01:39] Media Packet Received
[2026-06-21 23:01:39] Media Packet Received
[2026-06-21 23:01:39] Media Packet Received
[2026-06-21 23:01:39] Media Packet Received
[2026-06-21 23:01:39] Media Packet Received
[2026-06-21 23:01:39] Media Packet Received
[2026-06-21 23:01:39] Media Packet Received
[2026-06-21 23:01:39] Media Packet Received
[2026-06-21 23:01:39] Media Packet Received
[2026-06-21 23:01:39] Media Packet Received
[2026-06-21 23:01:40] Media Packet Received
[2026-06-21 23:01:40] Media Packet Received
[2026-06-21 23:01:40] Media Packet Received
[2026-06-21 23:01:40] Media Packet Received
[2026-06-21 23:01:40] Media Packet Received
[2026-06-21 23:01:40] Media Packet Received
[2026-06-21 23:01:40] Media Packet Received
[2026-06-21 23:01:40] Media Packet Received
[2026-06-21 23:01:40] Media Packet Received
[2026-06-21 23:01:40] Media Packet Received
[2026-06-21 23:01:40] Media Packet Received
[2026-06-21 23:01:40] Media Packet Received
[2026-06-21 23:01:40] Media Packet Received
[2026-06-21 23:01:40] Media Packet Received
[2026-06-21 23:01:40] Media Packet Received
[2026-06-21 23:01:40] Media Packet Received
[2026-06-21 23:01:40] Media Packet Received
[2026-06-21 23:01:40] Media Packet Received
[2026-06-21 23:01:40] Media Packet Received
[2026-06-21 23:01:40] Media Packet Received
[2026-06-21 23:01:40] Media Packet Received
[2026-06-21 23:01:40] Media Packet Received
[2026-06-21 23:01:40] Media Packet Received
[2026-06-21 23:01:40] Media Packet Received
[2026-06-21 23:01:40] Media Packet Received
[2026-06-21 23:01:40] Media Packet Received
[2026-06-21 23:01:40] Media Packet Received
[2026-06-21 23:01:40] Media Packet Received
[2026-06-21 23:01:40] Media Packet Received
[2026-06-21 23:01:40] Media Packet Received
[2026-06-21 23:01:40] Media Packet Received
[2026-06-21 23:01:40] Media Packet Received
[2026-06-21 23:01:40] Media Packet Received
[2026-06-21 23:01:40] Media Packet Received
[2026-06-21 23:01:40] Media Packet Received
[2026-06-21 23:01:40] Media Packet Received
[2026-06-21 23:01:40] Media Packet Received
[2026-06-21 23:01:40] Media Packet Received
[2026-06-21 23:01:40] Media Packet Received
[2026-06-21 23:01:40] Media Packet Received
[2026-06-21 23:01:40] Media Packet Received
[2026-06-21 23:01:40] Media Packet Received
[2026-06-21 23:01:40] Media Packet Received
[2026-06-21 23:01:40] Media Packet Received
[2026-06-21 23:01:40] Media Packet Received
[2026-06-21 23:01:40] Media Packet Received
[2026-06-21 23:01:40] Media Packet Received
[2026-06-21 23:01:40] Media Packet Received
[2026-06-21 23:01:40] Media Packet Received
[2026-06-21 23:01:40] Media Packet Received
[2026-06-21 23:01:40] Media Packet Received
[2026-06-21 23:01:41] Media Packet Received
[2026-06-21 23:01:41] Media Packet Received
[2026-06-21 23:01:41] Media Packet Received
[2026-06-21 23:01:41] Media Packet Received
[2026-06-21 23:01:41] Media Packet Received
[2026-06-21 23:01:41] Media Packet Received
[2026-06-21 23:01:41] Media Packet Received
[2026-06-21 23:01:41] Media Packet Received
[2026-06-21 23:01:41] Media Packet Received
[2026-06-21 23:01:41] Media Packet Received
[2026-06-21 23:01:41] Media Packet Received
[2026-06-21 23:01:41] Media Packet Received
[2026-06-21 23:01:41] Media Packet Received
[2026-06-21 23:01:41] Media Packet Received
[2026-06-21 23:01:41] Media Packet Received
[2026-06-21 23:01:41] Media Packet Received
[2026-06-21 23:01:41] Media Packet Received
[2026-06-21 23:01:41] Media Packet Received
[2026-06-21 23:01:41] Media Packet Received
[2026-06-21 23:01:41] Media Packet Received
[2026-06-21 23:01:41] Media Packet Received
[2026-06-21 23:01:41] Media Packet Received
[2026-06-21 23:01:41] Media Packet Received
[2026-06-21 23:01:41] Media Packet Received
[2026-06-21 23:01:41] Media Packet Received
[2026-06-21 23:01:41] Media Packet Received
[2026-06-21 23:01:41] Media Packet Received
[2026-06-21 23:01:41] Media Packet Received
[2026-06-21 23:01:41] Media Packet Received
[2026-06-21 23:01:41] Media Packet Received
[2026-06-21 23:01:41] Media Packet Received
[2026-06-21 23:01:41] Media Packet Received
[2026-06-21 23:01:41] Media Packet Received
[2026-06-21 23:01:41] Media Packet Received
[2026-06-21 23:01:41] Media Packet Received
[2026-06-21 23:01:41] Media Packet Received
[2026-06-21 23:01:41] Media Packet Received
[2026-06-21 23:01:41] Media Packet Received
[2026-06-21 23:01:41] Media Packet Received
[2026-06-21 23:01:41] Media Packet Received
[2026-06-21 23:01:41] Media Packet Received
[2026-06-21 23:01:41] Media Packet Received
[2026-06-21 23:01:41] Media Packet Received
[2026-06-21 23:01:41] Media Packet Received
[2026-06-21 23:01:41] Media Packet Received
[2026-06-21 23:01:41] Media Packet Received
[2026-06-21 23:01:41] Media Packet Received
[2026-06-21 23:01:41] Media Packet Received
[2026-06-21 23:01:41] Media Packet Received
[2026-06-21 23:01:42] Media Packet Received
[2026-06-21 23:01:42] Media Packet Received
[2026-06-21 23:01:42] Media Packet Received
[2026-06-21 23:01:42] Media Packet Received
[2026-06-21 23:01:42] Media Packet Received
[2026-06-21 23:01:42] Media Packet Received
[2026-06-21 23:01:42] Media Packet Received
[2026-06-21 23:01:42] Media Packet Received
[2026-06-21 23:01:42] Media Packet Received
[2026-06-21 23:01:42] Media Packet Received
[2026-06-21 23:01:42] Media Packet Received
[2026-06-21 23:01:42] Media Packet Received
[2026-06-21 23:01:42] Media Packet Received
[2026-06-21 23:01:42] Media Packet Received
[2026-06-21 23:01:42] Media Packet Received
[2026-06-21 23:01:42] Media Packet Received
[2026-06-21 23:01:42] Media Packet Received
[2026-06-21 23:01:42] Media Packet Received
[2026-06-21 23:01:42] Media Packet Received
[2026-06-21 23:01:42] Media Packet Received
[2026-06-21 23:01:42] Media Packet Received
[2026-06-21 23:01:42] Media Packet Received
[2026-06-21 23:01:42] Media Packet Received
[2026-06-21 23:01:42] Media Packet Received
[2026-06-21 23:01:42] Media Packet Received
[2026-06-21 23:01:42] Media Packet Received
[2026-06-21 23:01:42] Media Packet Received
[2026-06-21 23:01:42] Media Packet Received
[2026-06-21 23:01:42] Media Packet Received
[2026-06-21 23:01:42] Media Packet Received
[2026-06-21 23:01:42] Media Packet Received
[2026-06-21 23:01:42] Media Packet Received
[2026-06-21 23:01:42] Media Packet Received
[2026-06-21 23:01:42] Media Packet Received
[2026-06-21 23:01:42] Media Packet Received
[2026-06-21 23:01:42] Media Packet Received
[2026-06-21 23:01:42] Media Packet Received
[2026-06-21 23:01:42] Media Packet Received
[2026-06-21 23:01:42] Media Packet Received
[2026-06-21 23:01:42] Media Packet Received
[2026-06-21 23:01:42] Media Packet Received
[2026-06-21 23:01:42] Media Packet Received
[2026-06-21 23:01:42] Media Packet Received
[2026-06-21 23:01:42] Media Packet Received
[2026-06-21 23:01:42] Media Packet Received
[2026-06-21 23:01:42] Media Packet Received
[2026-06-21 23:01:42] Media Packet Received
[2026-06-21 23:01:42] Media Packet Received
[2026-06-21 23:01:42] Media Packet Received
[2026-06-21 23:01:42] Media Packet Received
[2026-06-21 23:01:43] Media Packet Received
[2026-06-21 23:01:43] Media Packet Received
[2026-06-21 23:01:43] Media Packet Received
[2026-06-21 23:01:43] Media Packet Received
[2026-06-21 23:01:43] Media Packet Received
[2026-06-21 23:01:43] Media Packet Received
[2026-06-21 23:01:43] Media Packet Received
[2026-06-21 23:01:43] Media Packet Received
[2026-06-21 23:01:43] Media Packet Received
[2026-06-21 23:01:43] Media Packet Received
[2026-06-21 23:01:43] Media Packet Received
[2026-06-21 23:01:43] Media Packet Received
[2026-06-21 23:01:43] Media Packet Received
[2026-06-21 23:01:43] Media Packet Received
[2026-06-21 23:01:43] Media Packet Received
[2026-06-21 23:01:43] Media Packet Received
[2026-06-21 23:01:43] Media Packet Received
[2026-06-21 23:01:43] Media Packet Received
[2026-06-21 23:01:43] Media Packet Received
[2026-06-21 23:01:43] Media Packet Received
[2026-06-21 23:01:43] Media Packet Received
[2026-06-21 23:01:43] Media Packet Received
[2026-06-21 23:01:43] Media Packet Received
[2026-06-21 23:01:43] Media Packet Received
[2026-06-21 23:01:43] Media Packet Received
[2026-06-21 23:01:43] Media Packet Received
[2026-06-21 23:01:43] Media Packet Received
[2026-06-21 23:01:43] Media Packet Received
[2026-06-21 23:01:43] Media Packet Received
[2026-06-21 23:01:43] Media Packet Received
[2026-06-21 23:01:43] Media Packet Received
[2026-06-21 23:01:43] Media Packet Received
[2026-06-21 23:01:43] Media Packet Received
[2026-06-21 23:01:43] Media Packet Received
[2026-06-21 23:01:43] Media Packet Received
[2026-06-21 23:01:43] Media Packet Received
[2026-06-21 23:01:43] Media Packet Received
[2026-06-21 23:01:43] Media Packet Received
[2026-06-21 23:01:43] Media Packet Received
[2026-06-21 23:01:43] Media Packet Received
[2026-06-21 23:01:43] Media Packet Received
[2026-06-21 23:01:43] Media Packet Received
[2026-06-21 23:01:43] Media Packet Received
[2026-06-21 23:01:43] Media Packet Received
[2026-06-21 23:01:43] Media Packet Received
[2026-06-21 23:01:43] Media Packet Received
[2026-06-21 23:01:43] Media Packet Received
[2026-06-21 23:01:43] Media Packet Received
[2026-06-21 23:01:43] Media Packet Received
[2026-06-21 23:01:43] Media Packet Received
[2026-06-21 23:01:44] Media Packet Received
[2026-06-21 23:01:44] Media Packet Received
[2026-06-21 23:01:44] Media Packet Received
[2026-06-21 23:01:44] Media Packet Received
[2026-06-21 23:01:44] Media Packet Received
[2026-06-21 23:01:44] Media Packet Received
[2026-06-21 23:01:44] Media Packet Received
[2026-06-21 23:01:44] Media Packet Received
[2026-06-21 23:01:44] Media Packet Received
[2026-06-21 23:01:44] Media Packet Received
[2026-06-21 23:01:44] Media Packet Received
[2026-06-21 23:01:44] Media Packet Received
[2026-06-21 23:01:44] Media Packet Received
[2026-06-21 23:01:44] Media Packet Received
[2026-06-21 23:01:44] Media Packet Received
[2026-06-21 23:01:44] Media Packet Received
[2026-06-21 23:01:44] Media Packet Received
[2026-06-21 23:01:44] Media Packet Received
[2026-06-21 23:01:44] Media Packet Received
[2026-06-21 23:01:44] Media Packet Received
[2026-06-21 23:01:44] Media Packet Received
[2026-06-21 23:01:44] Media Packet Received
[2026-06-21 23:01:44] Media Packet Received
[2026-06-21 23:01:44] Media Packet Received
[2026-06-21 23:01:44] Media Packet Received
[2026-06-21 23:01:44] Media Packet Received
[2026-06-21 23:01:44] Media Packet Received
[2026-06-21 23:01:44] Media Packet Received
[2026-06-21 23:01:44] Media Packet Received
[2026-06-21 23:01:44] Media Packet Received
[2026-06-21 23:01:44] Media Packet Received
[2026-06-21 23:01:44] Media Packet Received
[2026-06-21 23:01:44] Media Packet Received
[2026-06-21 23:01:44] Media Packet Received
[2026-06-21 23:01:44] Media Packet Received
[2026-06-21 23:01:44] Media Packet Received
[2026-06-21 23:01:44] Media Packet Received
[2026-06-21 23:01:44] Media Packet Received
[2026-06-21 23:01:44] Media Packet Received
[2026-06-21 23:01:44] Media Packet Received
[2026-06-21 23:01:44] Media Packet Received
[2026-06-21 23:01:44] Media Packet Received
[2026-06-21 23:01:44] Media Packet Received
[2026-06-21 23:01:44] Media Packet Received
[2026-06-21 23:01:44] Media Packet Received
[2026-06-21 23:01:44] Media Packet Received
[2026-06-21 23:01:44] Media Packet Received
[2026-06-21 23:01:44] Media Packet Received
[2026-06-21 23:01:44] Media Packet Received
[2026-06-21 23:01:45] Media Packet Received
[2026-06-21 23:01:45] Media Packet Received
[2026-06-21 23:01:45] Media Packet Received
[2026-06-21 23:01:45] Media Packet Received
[2026-06-21 23:01:45] Media Packet Received
[2026-06-21 23:01:45] Media Packet Received
[2026-06-21 23:01:45] Media Packet Received
[2026-06-21 23:01:45] Media Packet Received
[2026-06-21 23:01:45] Media Packet Received
[2026-06-21 23:01:45] Media Packet Received
[2026-06-21 23:01:45] Media Packet Received
[2026-06-21 23:01:45] Media Packet Received
[2026-06-21 23:01:45] Media Packet Received
[2026-06-21 23:01:45] Media Packet Received
[2026-06-21 23:01:45] Media Packet Received
[2026-06-21 23:01:45] Media Packet Received
[2026-06-21 23:01:45] Media Packet Received
[2026-06-21 23:01:45] Media Packet Received
[2026-06-21 23:01:45] Media Packet Received
[2026-06-21 23:01:45] Media Packet Received
[2026-06-21 23:01:45] Media Packet Received
[2026-06-21 23:01:45] Media Packet Received
[2026-06-21 23:01:45] Media Packet Received
[2026-06-21 23:01:45] Media Packet Received
[2026-06-21 23:01:45] Media Packet Received
[2026-06-21 23:01:45] Media Packet Received
[2026-06-21 23:01:45] Media Packet Received
[2026-06-21 23:01:45] Media Packet Received
[2026-06-21 23:01:45] Media Packet Received
[2026-06-21 23:01:45] Media Packet Received
[2026-06-21 23:01:45] Media Packet Received
[2026-06-21 23:01:45] Media Packet Received
[2026-06-21 23:01:45] Media Packet Received
[2026-06-21 23:01:45] Media Packet Received
[2026-06-21 23:01:45] Media Packet Received
[2026-06-21 23:01:45] Media Packet Received
[2026-06-21 23:01:45] Media Packet Received
[2026-06-21 23:01:45] Media Packet Received
[2026-06-21 23:01:45] Media Packet Received
[2026-06-21 23:01:45] Media Packet Received
[2026-06-21 23:01:45] Media Packet Received
[2026-06-21 23:01:45] Media Packet Received
[2026-06-21 23:01:45] Media Packet Received
[2026-06-21 23:01:45] Media Packet Received
[2026-06-21 23:01:45] Media Packet Received
[2026-06-21 23:01:45] Media Packet Received
[2026-06-21 23:01:45] Media Packet Received
[2026-06-21 23:01:45] Media Packet Received
[2026-06-21 23:01:45] Media Packet Received
[2026-06-21 23:01:45] Media Packet Received
[2026-06-21 23:01:45] Media Packet Received
[2026-06-21 23:01:46] Media Packet Received
[2026-06-21 23:01:46] Media Packet Received
[2026-06-21 23:01:46] Media Packet Received
[2026-06-21 23:01:46] Media Packet Received
[2026-06-21 23:01:46] Media Packet Received
[2026-06-21 23:01:46] Media Packet Received
[2026-06-21 23:01:46] Media Packet Received
[2026-06-21 23:01:46] Media Packet Received
[2026-06-21 23:01:46] Media Packet Received
[2026-06-21 23:01:46] Media Packet Received
[2026-06-21 23:01:46] Media Packet Received
[2026-06-21 23:01:46] Media Packet Received
[2026-06-21 23:01:46] Media Packet Received
[2026-06-21 23:01:46] Media Packet Received
[2026-06-21 23:01:46] Media Packet Received
[2026-06-21 23:01:46] Media Packet Received
[2026-06-21 23:01:46] Media Packet Received
[2026-06-21 23:01:46] Media Packet Received
[2026-06-21 23:01:46] Media Packet Received
[2026-06-21 23:01:46] Media Packet Received
[2026-06-21 23:01:46] Media Packet Received
[2026-06-21 23:01:46] Media Packet Received
[2026-06-21 23:01:46] Media Packet Received
[2026-06-21 23:01:46] Media Packet Received
[2026-06-21 23:01:46] Media Packet Received
[2026-06-21 23:01:46] Media Packet Received
[2026-06-21 23:01:46] Media Packet Received
[2026-06-21 23:01:46] Media Packet Received
[2026-06-21 23:01:46] Media Packet Received
[2026-06-21 23:01:46] Media Packet Received
[2026-06-21 23:01:46] Media Packet Received
[2026-06-21 23:01:46] Media Packet Received
[2026-06-21 23:01:46] Media Packet Received
[2026-06-21 23:01:46] Media Packet Received
[2026-06-21 23:01:46] Media Packet Received
[2026-06-21 23:01:46] Media Packet Received
[2026-06-21 23:01:46] Media Packet Received
[2026-06-21 23:01:46] Media Packet Received
[2026-06-21 23:01:46] Media Packet Received
[2026-06-21 23:01:46] Media Packet Received
[2026-06-21 23:01:46] Media Packet Received
[2026-06-21 23:01:46] Media Packet Received
[2026-06-21 23:01:46] Media Packet Received
[2026-06-21 23:01:46] Media Packet Received
[2026-06-21 23:01:46] Media Packet Received
[2026-06-21 23:01:46] Media Packet Received
[2026-06-21 23:01:46] Media Packet Received
[2026-06-21 23:01:46] Media Packet Received
[2026-06-21 23:01:46] Media Packet Received
[2026-06-21 23:01:46] Media Packet Received
[2026-06-21 23:01:47] Media Packet Received
[2026-06-21 23:01:47] Media Packet Received
[2026-06-21 23:01:47] Media Packet Received
[2026-06-21 23:01:47] Media Packet Received
[2026-06-21 23:01:47] Media Packet Received
[2026-06-21 23:01:47] Media Packet Received
[2026-06-21 23:01:47] Media Packet Received
[2026-06-21 23:01:47] Media Packet Received
[2026-06-21 23:01:47] Media Packet Received
[2026-06-21 23:01:47] Media Packet Received
[2026-06-21 23:01:47] Media Packet Received
[2026-06-21 23:01:47] Media Packet Received
[2026-06-21 23:01:47] Media Packet Received
[2026-06-21 23:01:47] Media Packet Received
[2026-06-21 23:01:47] Media Packet Received
[2026-06-21 23:01:47] Media Packet Received
[2026-06-21 23:01:47] Media Packet Received
[2026-06-21 23:01:47] Media Packet Received
[2026-06-21 23:01:47] Media Packet Received
[2026-06-21 23:01:47] Media Packet Received
[2026-06-21 23:01:47] Media Packet Received
[2026-06-21 23:01:47] Media Packet Received
[2026-06-21 23:01:47] Media Packet Received
[2026-06-21 23:01:47] Media Packet Received
[2026-06-21 23:01:47] Media Packet Received
[2026-06-21 23:01:47] Media Packet Received
[2026-06-21 23:01:47] Media Packet Received
[2026-06-21 23:01:47] Media Packet Received
[2026-06-21 23:01:47] Media Packet Received
[2026-06-21 23:01:47] Media Packet Received
[2026-06-21 23:01:47] Media Packet Received
[2026-06-21 23:01:47] Media Packet Received
[2026-06-21 23:01:47] Media Packet Received
[2026-06-21 23:01:47] Media Packet Received
[2026-06-21 23:01:47] Media Packet Received
[2026-06-21 23:01:47] Media Packet Received
[2026-06-21 23:01:47] Media Packet Received
[2026-06-21 23:01:47] Media Packet Received
[2026-06-21 23:01:47] Media Packet Received
[2026-06-21 23:01:47] Media Packet Received
[2026-06-21 23:01:47] Media Packet Received
[2026-06-21 23:01:47] Media Packet Received
[2026-06-21 23:01:47] Media Packet Received
[2026-06-21 23:01:47] Media Packet Received
[2026-06-21 23:01:47] Media Packet Received
[2026-06-21 23:01:47] Media Packet Received
[2026-06-21 23:01:47] Media Packet Received
[2026-06-21 23:01:47] Media Packet Received
[2026-06-21 23:01:47] Media Packet Received
[2026-06-21 23:01:47] Media Packet Received
[2026-06-21 23:01:48] Media Packet Received
[2026-06-21 23:01:48] Media Packet Received
[2026-06-21 23:01:48] Media Packet Received
[2026-06-21 23:01:48] Media Packet Received
[2026-06-21 23:01:48] Media Packet Received
[2026-06-21 23:01:48] Media Packet Received
[2026-06-21 23:01:48] Media Packet Received
[2026-06-21 23:01:48] Media Packet Received
[2026-06-21 23:01:48] Media Packet Received
[2026-06-21 23:01:48] Media Packet Received
[2026-06-21 23:01:48] Media Packet Received
[2026-06-21 23:01:48] Media Packet Received
[2026-06-21 23:01:48] Media Packet Received
[2026-06-21 23:01:48] Media Packet Received
[2026-06-21 23:01:48] Media Packet Received
[2026-06-21 23:01:48] Media Packet Received
[2026-06-21 23:01:48] Media Packet Received
[2026-06-21 23:01:48] Media Packet Received
[2026-06-21 23:01:48] Media Packet Received
[2026-06-21 23:01:48] Media Packet Received
[2026-06-21 23:01:48] Media Packet Received
[2026-06-21 23:01:48] Media Packet Received
[2026-06-21 23:01:48] Media Packet Received
[2026-06-21 23:01:48] Media Packet Received
[2026-06-21 23:01:48] Media Packet Received
[2026-06-21 23:01:48] Media Packet Received
[2026-06-21 23:01:48] Media Packet Received
[2026-06-21 23:01:48] Media Packet Received
[2026-06-21 23:01:48] Media Packet Received
[2026-06-21 23:01:48] Media Packet Received
[2026-06-21 23:01:48] Media Packet Received
[2026-06-21 23:01:48] Media Packet Received
[2026-06-21 23:01:48] Media Packet Received
[2026-06-21 23:01:48] Media Packet Received
[2026-06-21 23:01:48] Media Packet Received
[2026-06-21 23:01:48] Media Packet Received
[2026-06-21 23:01:48] Media Packet Received
[2026-06-21 23:01:48] Media Packet Received
[2026-06-21 23:01:48] Media Packet Received
[2026-06-21 23:01:48] Media Packet Received
[2026-06-21 23:01:48] Media Packet Received
[2026-06-21 23:01:48] Media Packet Received
[2026-06-21 23:01:48] Media Packet Received
[2026-06-21 23:01:48] Media Packet Received
[2026-06-21 23:01:48] Media Packet Received
[2026-06-21 23:01:48] Media Packet Received
[2026-06-21 23:01:48] Media Packet Received
[2026-06-21 23:01:48] Media Packet Received
[2026-06-21 23:01:48] Media Packet Received
[2026-06-21 23:01:48] Media Packet Received
[2026-06-21 23:01:49] Media Packet Received
[2026-06-21 23:01:49] Media Packet Received
[2026-06-21 23:01:49] Media Packet Received
[2026-06-21 23:01:49] Media Packet Received
[2026-06-21 23:01:49] Media Packet Received
[2026-06-21 23:01:49] Media Packet Received
[2026-06-21 23:01:49] Media Packet Received
[2026-06-21 23:01:49] Media Packet Received
[2026-06-21 23:01:49] Media Packet Received
[2026-06-21 23:01:49] Media Packet Received
[2026-06-21 23:01:49] Media Packet Received
[2026-06-21 23:01:49] Media Packet Received
[2026-06-21 23:01:49] Media Packet Received
[2026-06-21 23:01:49] Media Packet Received
[2026-06-21 23:01:49] Media Packet Received
[2026-06-21 23:01:49] Media Packet Received
[2026-06-21 23:01:49] Media Packet Received
[2026-06-21 23:01:49] Media Packet Received
[2026-06-21 23:01:49] Media Packet Received
[2026-06-21 23:01:49] Media Packet Received
[2026-06-21 23:01:49] Media Packet Received
[2026-06-21 23:01:49] Media Packet Received
[2026-06-21 23:01:49] Media Packet Received
[2026-06-21 23:01:49] Media Packet Received
[2026-06-21 23:01:49] Media Packet Received
[2026-06-21 23:01:49] Media Packet Received
[2026-06-21 23:01:49] Media Packet Received
[2026-06-21 23:01:49] Media Packet Received
[2026-06-21 23:01:49] Media Packet Received
[2026-06-21 23:01:49] Media Packet Received
[2026-06-21 23:01:49] Media Packet Received
[2026-06-21 23:01:49] Media Packet Received
[2026-06-21 23:01:49] Media Packet Received
[2026-06-21 23:01:49] Media Packet Received
[2026-06-21 23:01:49] Media Packet Received
[2026-06-21 23:01:49] Media Packet Received
[2026-06-21 23:01:49] Media Packet Received
[2026-06-21 23:01:49] Media Packet Received
[2026-06-21 23:01:49] Media Packet Received
[2026-06-21 23:01:49] Media Packet Received
[2026-06-21 23:01:49] Media Packet Received
[2026-06-21 23:01:49] Media Packet Received
[2026-06-21 23:01:49] Media Packet Received
[2026-06-21 23:01:49] Media Packet Received
[2026-06-21 23:01:49] Media Packet Received
[2026-06-21 23:01:49] Media Packet Received
[2026-06-21 23:01:49] Media Packet Received
[2026-06-21 23:01:49] Media Packet Received
[2026-06-21 23:01:49] Media Packet Received
[2026-06-21 23:01:49] Media Packet Received
[2026-06-21 23:01:50] Media Packet Received
[2026-06-21 23:01:50] Media Packet Received
[2026-06-21 23:01:50] Media Packet Received
[2026-06-21 23:01:50] Media Packet Received
[2026-06-21 23:01:50] Media Packet Received
[2026-06-21 23:01:50] Media Packet Received
[2026-06-21 23:01:50] Media Packet Received
[2026-06-21 23:01:50] Media Packet Received
[2026-06-21 23:01:50] Media Packet Received
[2026-06-21 23:01:50] Media Packet Received
[2026-06-21 23:01:50] Media Packet Received
[2026-06-21 23:01:50] Media Packet Received
[2026-06-21 23:01:50] Media Packet Received
[2026-06-21 23:01:50] Media Packet Received
[2026-06-21 23:01:50] Media Packet Received
[2026-06-21 23:01:50] Media Packet Received
[2026-06-21 23:01:50] Media Packet Received
[2026-06-21 23:01:50] Media Packet Received
[2026-06-21 23:01:50] Media Packet Received
[2026-06-21 23:01:50] Media Packet Received
[2026-06-21 23:01:50] Media Packet Received
[2026-06-21 23:01:50] Media Packet Received
[2026-06-21 23:01:50] Media Packet Received
[2026-06-21 23:01:50] Media Packet Received
[2026-06-21 23:01:50] Media Packet Received
[2026-06-21 23:01:50] Media Packet Received
[2026-06-21 23:01:50] Media Packet Received
[2026-06-21 23:01:50] Media Packet Received
[2026-06-21 23:01:50] Media Packet Received
[2026-06-21 23:01:50] Media Packet Received
[2026-06-21 23:01:50] Media Packet Received
[2026-06-21 23:01:50] Media Packet Received
[2026-06-21 23:01:50] Media Packet Received
[2026-06-21 23:01:50] Media Packet Received
[2026-06-21 23:01:50] Media Packet Received
[2026-06-21 23:01:50] Media Packet Received
[2026-06-21 23:01:50] Media Packet Received
[2026-06-21 23:01:50] Media Packet Received
[2026-06-21 23:01:50] Media Packet Received
[2026-06-21 23:01:50] Media Packet Received
[2026-06-21 23:01:50] Media Packet Received
[2026-06-21 23:01:50] Media Packet Received
[2026-06-21 23:01:50] Media Packet Received
[2026-06-21 23:01:50] Media Packet Received
[2026-06-21 23:01:50] Media Packet Received
[2026-06-21 23:01:50] Media Packet Received
[2026-06-21 23:01:50] Media Packet Received
[2026-06-21 23:01:50] Media Packet Received
[2026-06-21 23:01:50] Media Packet Received
[2026-06-21 23:01:51] Media Packet Received
[2026-06-21 23:01:51] Media Packet Received
[2026-06-21 23:01:51] Media Packet Received
[2026-06-21 23:01:51] Media Packet Received
[2026-06-21 23:01:51] Media Packet Received
[2026-06-21 23:01:51] Media Packet Received
[2026-06-21 23:01:51] Media Packet Received
[2026-06-21 23:01:51] Media Packet Received
[2026-06-21 23:01:51] Media Packet Received
[2026-06-21 23:01:51] Media Packet Received
[2026-06-21 23:01:51] Media Packet Received
[2026-06-21 23:01:51] Media Packet Received
[2026-06-21 23:01:51] Media Packet Received
[2026-06-21 23:01:51] Media Packet Received
[2026-06-21 23:01:51] Media Packet Received
[2026-06-21 23:01:51] Media Packet Received
[2026-06-21 23:01:51] Media Packet Received
[2026-06-21 23:01:51] Media Packet Received
[2026-06-21 23:01:51] Media Packet Received
[2026-06-21 23:01:51] Media Packet Received
[2026-06-21 23:01:51] Media Packet Received
[2026-06-21 23:01:51] Media Packet Received
[2026-06-21 23:01:51] Media Packet Received
[2026-06-21 23:01:51] Media Packet Received
[2026-06-21 23:01:51] Media Packet Received
[2026-06-21 23:01:51] Media Packet Received
[2026-06-21 23:01:51] Media Packet Received
[2026-06-21 23:01:51] Media Packet Received
[2026-06-21 23:01:51] Media Packet Received
[2026-06-21 23:01:51] Media Packet Received
[2026-06-21 23:01:51] Media Packet Received
[2026-06-21 23:01:51] Media Packet Received
[2026-06-21 23:01:51] Media Packet Received
[2026-06-21 23:01:51] Media Packet Received
[2026-06-21 23:01:51] Media Packet Received
[2026-06-21 23:01:51] Media Packet Received
[2026-06-21 23:01:51] Media Packet Received
[2026-06-21 23:01:51] Media Packet Received
[2026-06-21 23:01:51] Media Packet Received
[2026-06-21 23:01:51] Media Packet Received
[2026-06-21 23:01:51] Media Packet Received
[2026-06-21 23:01:51] Media Packet Received
[2026-06-21 23:01:51] Media Packet Received
[2026-06-21 23:01:51] Media Packet Received
[2026-06-21 23:01:51] Media Packet Received
[2026-06-21 23:01:51] Media Packet Received
[2026-06-21 23:01:51] Media Packet Received
[2026-06-21 23:01:51] Media Packet Received
[2026-06-21 23:01:51] Media Packet Received
[2026-06-21 23:01:51] Media Packet Received
[2026-06-21 23:01:51] Media Packet Received
[2026-06-21 23:01:52] Media Packet Received
[2026-06-21 23:01:52] Media Packet Received
[2026-06-21 23:01:52] Media Packet Received
[2026-06-21 23:01:52] Media Packet Received
[2026-06-21 23:01:52] Media Packet Received
[2026-06-21 23:01:52] Media Packet Received
[2026-06-21 23:01:52] Media Packet Received
[2026-06-21 23:01:52] Media Packet Received
[2026-06-21 23:01:52] Media Packet Received
[2026-06-21 23:01:52] Media Packet Received
[2026-06-21 23:01:52] Media Packet Received
[2026-06-21 23:01:52] Media Packet Received
[2026-06-21 23:01:52] Media Packet Received
[2026-06-21 23:01:52] Media Packet Received
[2026-06-21 23:01:52] Media Packet Received
[2026-06-21 23:01:52] Media Packet Received
[2026-06-21 23:01:52] Media Packet Received
[2026-06-21 23:01:52] Media Packet Received
[2026-06-21 23:01:52] Media Packet Received
[2026-06-21 23:01:52] Media Packet Received
[2026-06-21 23:01:52] Media Packet Received
[2026-06-21 23:01:52] Media Packet Received
[2026-06-21 23:01:52] Media Packet Received
[2026-06-21 23:01:52] Media Packet Received
[2026-06-21 23:01:52] Media Packet Received
[2026-06-21 23:01:52] Media Packet Received
[2026-06-21 23:01:52] Media Packet Received
[2026-06-21 23:01:52] Media Packet Received
[2026-06-21 23:01:52] Media Packet Received
[2026-06-21 23:01:52] Media Packet Received
[2026-06-21 23:01:52] Media Packet Received
[2026-06-21 23:01:52] Media Packet Received
[2026-06-21 23:01:52] Media Packet Received
[2026-06-21 23:01:52] Media Packet Received
[2026-06-21 23:01:52] Media Packet Received
[2026-06-21 23:01:52] Media Packet Received
[2026-06-21 23:01:52] Media Packet Received
[2026-06-21 23:01:52] Media Packet Received
[2026-06-21 23:01:52] Media Packet Received
[2026-06-21 23:01:52] Media Packet Received
[2026-06-21 23:01:52] Media Packet Received
[2026-06-21 23:01:52] Media Packet Received
[2026-06-21 23:01:52] Media Packet Received
[2026-06-21 23:01:52] Media Packet Received
[2026-06-21 23:01:52] Media Packet Received
[2026-06-21 23:01:52] Media Packet Received
[2026-06-21 23:01:52] Media Packet Received
[2026-06-21 23:01:52] Media Packet Received
[2026-06-21 23:01:52] Media Packet Received
[2026-06-21 23:01:52] Media Packet Received
[2026-06-21 23:01:53] Media Packet Received
[2026-06-21 23:01:53] Media Packet Received
[2026-06-21 23:01:53] Media Packet Received
[2026-06-21 23:01:53] Media Packet Received
[2026-06-21 23:01:53] Media Packet Received
[2026-06-21 23:01:53] Media Packet Received
[2026-06-21 23:01:53] Media Packet Received
[2026-06-21 23:01:53] Media Packet Received
[2026-06-21 23:01:53] Media Packet Received
[2026-06-21 23:01:53] Media Packet Received
[2026-06-21 23:01:53] Media Packet Received
[2026-06-21 23:01:53] Media Packet Received
[2026-06-21 23:01:53] Media Packet Received
[2026-06-21 23:01:53] Media Packet Received
[2026-06-21 23:01:53] Media Packet Received
[2026-06-21 23:01:53] Media Packet Received
[2026-06-21 23:01:53] Media Packet Received
[2026-06-21 23:01:53] Media Packet Received
[2026-06-21 23:01:53] Media Packet Received
[2026-06-21 23:01:53] Media Packet Received
[2026-06-21 23:01:53] Media Packet Received
[2026-06-21 23:01:53] Media Packet Received
[2026-06-21 23:01:53] Media Packet Received
[2026-06-21 23:01:53] Media Packet Received
[2026-06-21 23:01:53] Media Packet Received
[2026-06-21 23:01:53] Media Packet Received
[2026-06-21 23:01:53] Media Packet Received
[2026-06-21 23:01:53] Media Packet Received
[2026-06-21 23:01:53] Media Packet Received
[2026-06-21 23:01:53] Media Packet Received
[2026-06-21 23:01:53] Media Packet Received
[2026-06-21 23:01:53] Media Packet Received
[2026-06-21 23:01:53] Media Packet Received
[2026-06-21 23:01:53] Media Packet Received
[2026-06-21 23:01:53] Media Packet Received
[2026-06-21 23:01:53] Media Packet Received
[2026-06-21 23:01:53] Media Packet Received
[2026-06-21 23:01:53] Media Packet Received
[2026-06-21 23:01:53] Media Packet Received
[2026-06-21 23:01:53] Media Packet Received
[2026-06-21 23:01:53] Media Packet Received
[2026-06-21 23:01:53] Media Packet Received
[2026-06-21 23:01:53] Media Packet Received
[2026-06-21 23:01:53] Media Packet Received
[2026-06-21 23:01:53] Media Packet Received
[2026-06-21 23:01:53] Media Packet Received
[2026-06-21 23:01:53] Media Packet Received
[2026-06-21 23:01:53] Media Packet Received
[2026-06-21 23:01:53] Media Packet Received
[2026-06-21 23:01:53] Media Packet Received
[2026-06-21 23:01:54] Media Packet Received
[2026-06-21 23:01:54] Media Packet Received
[2026-06-21 23:01:54] Media Packet Received
[2026-06-21 23:01:54] Media Packet Received
[2026-06-21 23:01:54] Media Packet Received
[2026-06-21 23:01:54] Media Packet Received
[2026-06-21 23:01:54] Media Packet Received
[2026-06-21 23:01:54] Media Packet Received
[2026-06-21 23:01:54] Media Packet Received
[2026-06-21 23:01:54] Media Packet Received
[2026-06-21 23:01:54] Media Packet Received
[2026-06-21 23:01:54] Media Packet Received
[2026-06-21 23:01:54] Media Packet Received
[2026-06-21 23:01:54] Media Packet Received
[2026-06-21 23:01:54] Media Packet Received
[2026-06-21 23:01:54] Media Packet Received
[2026-06-21 23:01:54] Media Packet Received
[2026-06-21 23:01:54] Media Packet Received
[2026-06-21 23:01:54] Media Packet Received
[2026-06-21 23:01:54] Media Packet Received
[2026-06-21 23:01:54] Media Packet Received
[2026-06-21 23:01:54] Media Packet Received
[2026-06-21 23:01:54] Media Packet Received
[2026-06-21 23:01:54] Media Packet Received
[2026-06-21 23:01:54] Media Packet Received
[2026-06-21 23:01:54] Media Packet Received
[2026-06-21 23:01:54] Media Packet Received
[2026-06-21 23:01:54] Media Packet Received
[2026-06-21 23:01:54] Media Packet Received
[2026-06-21 23:01:54] Media Packet Received
[2026-06-21 23:01:54] Media Packet Received
[2026-06-21 23:01:54] Media Packet Received
[2026-06-21 23:01:54] Media Packet Received
[2026-06-21 23:01:54] Media Packet Received
[2026-06-21 23:01:54] Media Packet Received
[2026-06-21 23:01:54] Media Packet Received
[2026-06-21 23:01:54] Media Packet Received
[2026-06-21 23:01:54] Media Packet Received
[2026-06-21 23:01:54] Media Packet Received
[2026-06-21 23:01:54] Media Packet Received
[2026-06-21 23:01:54] Media Packet Received
[2026-06-21 23:01:54] Media Packet Received
[2026-06-21 23:01:54] Media Packet Received
[2026-06-21 23:01:54] Media Packet Received
[2026-06-21 23:01:54] Media Packet Received
[2026-06-21 23:01:54] Media Packet Received
[2026-06-21 23:01:54] Media Packet Received
[2026-06-21 23:01:54] Media Packet Received
[2026-06-21 23:01:54] Media Packet Received
[2026-06-21 23:01:54] Media Packet Received
[2026-06-21 23:01:55] Media Packet Received
[2026-06-21 23:01:55] Media Packet Received
[2026-06-21 23:01:55] Media Packet Received
[2026-06-21 23:01:55] Media Packet Received
[2026-06-21 23:01:55] Media Packet Received
[2026-06-21 23:01:55] Media Packet Received
[2026-06-21 23:01:55] Media Packet Received
[2026-06-21 23:01:55] Media Packet Received
[2026-06-21 23:01:55] Media Packet Received
[2026-06-21 23:01:55] Media Packet Received
[2026-06-21 23:01:55] Media Packet Received
[2026-06-21 23:01:55] Media Packet Received
[2026-06-21 23:01:55] Media Packet Received
[2026-06-21 23:01:55] Media Packet Received
[2026-06-21 23:01:55] Media Packet Received
[2026-06-21 23:01:55] Media Packet Received
[2026-06-21 23:01:55] Media Packet Received
[2026-06-21 23:01:55] Media Packet Received
[2026-06-21 23:01:55] Media Packet Received
[2026-06-21 23:01:55] Media Packet Received
[2026-06-21 23:01:55] Media Packet Received
[2026-06-21 23:01:55] Media Packet Received
[2026-06-21 23:01:55] Media Packet Received
[2026-06-21 23:01:55] Media Packet Received
[2026-06-21 23:01:55] Media Packet Received
[2026-06-21 23:01:55] Media Packet Received
[2026-06-21 23:01:55] Media Packet Received
[2026-06-21 23:01:55] Media Packet Received
[2026-06-21 23:01:55] Media Packet Received
[2026-06-21 23:01:55] Media Packet Received
[2026-06-21 23:01:55] Media Packet Received
[2026-06-21 23:01:55] Media Packet Received
[2026-06-21 23:01:55] Media Packet Received
[2026-06-21 23:01:55] Media Packet Received
[2026-06-21 23:01:55] Media Packet Received
[2026-06-21 23:01:55] Media Packet Received
[2026-06-21 23:01:55] Media Packet Received
[2026-06-21 23:01:55] Media Packet Received
[2026-06-21 23:01:55] Media Packet Received
[2026-06-21 23:01:55] Media Packet Received
[2026-06-21 23:01:55] Media Packet Received
[2026-06-21 23:01:55] Media Packet Received
[2026-06-21 23:01:55] Media Packet Received
[2026-06-21 23:01:55] Media Packet Received
[2026-06-21 23:01:55] Media Packet Received
[2026-06-21 23:01:55] Media Packet Received
[2026-06-21 23:01:55] Media Packet Received
[2026-06-21 23:01:55] Media Packet Received
[2026-06-21 23:01:55] Media Packet Received
[2026-06-21 23:01:55] Media Packet Received
[2026-06-21 23:01:56] Media Packet Received
[2026-06-21 23:01:56] Media Packet Received
[2026-06-21 23:01:56] Media Packet Received
[2026-06-21 23:01:56] Media Packet Received
[2026-06-21 23:01:56] Media Packet Received
[2026-06-21 23:01:56] Media Packet Received
[2026-06-21 23:01:56] Media Packet Received
[2026-06-21 23:01:56] Media Packet Received
[2026-06-21 23:01:56] Media Packet Received
[2026-06-21 23:01:56] Media Packet Received
[2026-06-21 23:01:56] Media Packet Received
[2026-06-21 23:01:56] Media Packet Received
[2026-06-21 23:01:56] Media Packet Received
[2026-06-21 23:01:56] Media Packet Received
[2026-06-21 23:01:56] Media Packet Received
[2026-06-21 23:01:56] Media Packet Received
[2026-06-21 23:01:56] Media Packet Received
[2026-06-21 23:01:56] Media Packet Received
[2026-06-21 23:01:56] Media Packet Received
[2026-06-21 23:01:56] Media Packet Received
[2026-06-21 23:01:56] Media Packet Received
[2026-06-21 23:01:56] Media Packet Received
[2026-06-21 23:01:56] Media Packet Received
[2026-06-21 23:01:56] Media Packet Received
[2026-06-21 23:01:56] Media Packet Received
[2026-06-21 23:01:56] Media Packet Received
[2026-06-21 23:01:56] Media Packet Received
[2026-06-21 23:01:56] Media Packet Received
[2026-06-21 23:01:56] Media Packet Received
[2026-06-21 23:01:56] Media Packet Received
[2026-06-21 23:01:56] Media Packet Received
[2026-06-21 23:01:56] Media Packet Received
[2026-06-21 23:01:56] Media Packet Received
[2026-06-21 23:01:56] Media Packet Received
[2026-06-21 23:01:56] Media Packet Received
[2026-06-21 23:01:56] Media Packet Received
[2026-06-21 23:01:56] Media Packet Received
[2026-06-21 23:01:56] Media Packet Received
[2026-06-21 23:01:56] Media Packet Received
[2026-06-21 23:01:56] Media Packet Received
[2026-06-21 23:01:56] Media Packet Received
[2026-06-21 23:01:56] Media Packet Received
[2026-06-21 23:01:56] Media Packet Received
[2026-06-21 23:01:56] Media Packet Received
[2026-06-21 23:01:56] Media Packet Received
[2026-06-21 23:01:56] Media Packet Received
[2026-06-21 23:01:56] Media Packet Received
[2026-06-21 23:01:56] Media Packet Received
[2026-06-21 23:01:56] Media Packet Received
[2026-06-21 23:01:57] Media Packet Received
[2026-06-21 23:01:57] Media Packet Received
[2026-06-21 23:01:57] Media Packet Received
[2026-06-21 23:01:57] Media Packet Received
[2026-06-21 23:01:57] Media Packet Received
[2026-06-21 23:01:57] Media Packet Received
[2026-06-21 23:01:57] Media Packet Received
[2026-06-21 23:01:57] Media Packet Received
[2026-06-21 23:01:57] Media Packet Received
[2026-06-21 23:01:57] Media Packet Received
[2026-06-21 23:01:57] Media Packet Received
[2026-06-21 23:01:57] Media Packet Received
[2026-06-21 23:01:57] Media Packet Received
[2026-06-21 23:01:57] Media Packet Received
[2026-06-21 23:01:57] Media Packet Received
[2026-06-21 23:01:57] Media Packet Received
[2026-06-21 23:01:57] Media Packet Received
[2026-06-21 23:01:57] Media Packet Received
[2026-06-21 23:01:57] Media Packet Received
[2026-06-21 23:01:57] Media Packet Received
[2026-06-21 23:01:57] Media Packet Received
[2026-06-21 23:01:57] Media Packet Received
[2026-06-21 23:01:57] Media Packet Received
[2026-06-21 23:01:57] Media Packet Received
[2026-06-21 23:01:57] Media Packet Received
[2026-06-21 23:01:57] Media Packet Received
[2026-06-21 23:01:57] Media Packet Received
[2026-06-21 23:01:57] Media Packet Received
[2026-06-21 23:01:57] Media Packet Received
[2026-06-21 23:01:57] Media Packet Received
[2026-06-21 23:01:57] Media Packet Received
[2026-06-21 23:01:57] Media Packet Received
[2026-06-21 23:01:57] Media Packet Received
[2026-06-21 23:01:57] Media Packet Received
[2026-06-21 23:01:57] Media Packet Received
[2026-06-21 23:01:57] Media Packet Received
[2026-06-21 23:01:57] Media Packet Received
[2026-06-21 23:01:57] Media Packet Received
[2026-06-21 23:01:57] Media Packet Received
[2026-06-21 23:01:57] Media Packet Received
[2026-06-21 23:01:57] Media Packet Received
[2026-06-21 23:01:57] Media Packet Received
[2026-06-21 23:01:57] Media Packet Received
[2026-06-21 23:01:57] Media Packet Received
[2026-06-21 23:01:57] Media Packet Received
[2026-06-21 23:01:57] Media Packet Received
[2026-06-21 23:01:57] Media Packet Received
[2026-06-21 23:01:57] Media Packet Received
[2026-06-21 23:01:57] Media Packet Received
[2026-06-21 23:01:57] Media Packet Received
[2026-06-21 23:01:57] Media Packet Received
[2026-06-21 23:01:58] Media Packet Received
[2026-06-21 23:01:58] Media Packet Received
[2026-06-21 23:01:58] Media Packet Received
[2026-06-21 23:01:58] Media Packet Received
[2026-06-21 23:01:58] Media Packet Received
[2026-06-21 23:01:58] Media Packet Received
[2026-06-21 23:01:58] Media Packet Received
[2026-06-21 23:01:58] Media Packet Received
[2026-06-21 23:01:58] Media Packet Received
[2026-06-21 23:01:58] Media Packet Received
[2026-06-21 23:01:58] Media Packet Received
[2026-06-21 23:01:58] Media Packet Received
[2026-06-21 23:01:58] Media Packet Received
[2026-06-21 23:01:58] Media Packet Received
[2026-06-21 23:01:58] Media Packet Received
[2026-06-21 23:01:58] Media Packet Received
[2026-06-21 23:01:58] Media Packet Received
[2026-06-21 23:01:58] Media Packet Received
[2026-06-21 23:01:58] Media Packet Received
[2026-06-21 23:01:58] Media Packet Received
[2026-06-21 23:01:58] Media Packet Received
[2026-06-21 23:01:58] Media Packet Received
[2026-06-21 23:01:58] Media Packet Received
[2026-06-21 23:01:58] Media Packet Received
[2026-06-21 23:01:58] Media Packet Received
[2026-06-21 23:01:58] Media Packet Received
[2026-06-21 23:01:58] Media Packet Received
[2026-06-21 23:01:58] Media Packet Received
[2026-06-21 23:01:58] Media Packet Received
[2026-06-21 23:01:58] Media Packet Received
[2026-06-21 23:01:58] Media Packet Received
[2026-06-21 23:01:58] Media Packet Received
[2026-06-21 23:01:58] Media Packet Received
[2026-06-21 23:01:58] Media Packet Received
[2026-06-21 23:01:58] Media Packet Received
[2026-06-21 23:01:58] Media Packet Received
[2026-06-21 23:01:58] Media Packet Received
[2026-06-21 23:01:58] Media Packet Received
[2026-06-21 23:01:58] Media Packet Received
[2026-06-21 23:01:58] Media Packet Received
[2026-06-21 23:01:58] Media Packet Received
[2026-06-21 23:01:58] Media Packet Received
[2026-06-21 23:01:58] Media Packet Received
[2026-06-21 23:01:58] Media Packet Received
[2026-06-21 23:01:58] Media Packet Received
[2026-06-21 23:01:58] Media Packet Received
[2026-06-21 23:01:58] Media Packet Received
[2026-06-21 23:01:58] Media Packet Received
[2026-06-21 23:01:58] Media Packet Received
[2026-06-21 23:01:59] Media Packet Received
[2026-06-21 23:01:59] Media Packet Received
[2026-06-21 23:01:59] Media Packet Received
[2026-06-21 23:01:59] Media Packet Received
[2026-06-21 23:01:59] Media Packet Received
[2026-06-21 23:01:59] Media Packet Received
[2026-06-21 23:01:59] Media Packet Received
[2026-06-21 23:01:59] Media Packet Received
[2026-06-21 23:01:59] Media Packet Received
[2026-06-21 23:01:59] Media Packet Received
[2026-06-21 23:01:59] Media Packet Received
[2026-06-21 23:01:59] Media Packet Received
[2026-06-21 23:01:59] Media Packet Received
[2026-06-21 23:01:59] Media Packet Received
[2026-06-21 23:01:59] Media Packet Received
[2026-06-21 23:01:59] Media Packet Received
[2026-06-21 23:01:59] Media Packet Received
[2026-06-21 23:01:59] Media Packet Received
[2026-06-21 23:01:59] Media Packet Received
[2026-06-21 23:01:59] Media Packet Received
[2026-06-21 23:01:59] Media Packet Received
[2026-06-21 23:01:59] Media Packet Received
[2026-06-21 23:01:59] Media Packet Received
[2026-06-21 23:01:59] Media Packet Received
[2026-06-21 23:01:59] Media Packet Received
[2026-06-21 23:01:59] Media Packet Received
[2026-06-21 23:01:59] Media Packet Received
[2026-06-21 23:01:59] Media Packet Received
[2026-06-21 23:01:59] Media Packet Received
[2026-06-21 23:01:59] Media Packet Received
[2026-06-21 23:01:59] Media Packet Received
[2026-06-21 23:01:59] Media Packet Received
[2026-06-21 23:01:59] Media Packet Received
[2026-06-21 23:01:59] Media Packet Received
[2026-06-21 23:01:59] Media Packet Received
[2026-06-21 23:01:59] Media Packet Received
[2026-06-21 23:01:59] Media Packet Received
[2026-06-21 23:01:59] Media Packet Received
[2026-06-21 23:01:59] Media Packet Received
[2026-06-21 23:01:59] Media Packet Received
[2026-06-21 23:01:59] Media Packet Received
[2026-06-21 23:01:59] Media Packet Received
[2026-06-21 23:01:59] Media Packet Received
[2026-06-21 23:01:59] Media Packet Received
[2026-06-21 23:01:59] Media Packet Received
[2026-06-21 23:01:59] Media Packet Received
[2026-06-21 23:01:59] Media Packet Received
[2026-06-21 23:01:59] Media Packet Received
[2026-06-21 23:01:59] Media Packet Received
[2026-06-21 23:01:59] Media Packet Received
[2026-06-21 23:01:59] Media Packet Received
[2026-06-21 23:02:00] Media Packet Received
[2026-06-21 23:02:00] Media Packet Received
[2026-06-21 23:02:00] Media Packet Received
[2026-06-21 23:02:00] Media Packet Received
[2026-06-21 23:02:00] Media Packet Received
[2026-06-21 23:02:00] Media Packet Received
[2026-06-21 23:02:00] Media Packet Received
[2026-06-21 23:02:00] Media Packet Received
[2026-06-21 23:02:00] Media Packet Received
[2026-06-21 23:02:00] Media Packet Received
[2026-06-21 23:02:00] Media Packet Received
[2026-06-21 23:02:00] Media Packet Received
[2026-06-21 23:02:00] Media Packet Received
[2026-06-21 23:02:00] Media Packet Received
[2026-06-21 23:02:00] Media Packet Received
[2026-06-21 23:02:00] Media Packet Received
[2026-06-21 23:02:00] Media Packet Received
[2026-06-21 23:02:00] Media Packet Received
[2026-06-21 23:02:00] Media Packet Received
[2026-06-21 23:02:00] Media Packet Received
[2026-06-21 23:02:00] Media Packet Received
[2026-06-21 23:02:00] Media Packet Received
[2026-06-21 23:02:00] Media Packet Received
[2026-06-21 23:02:00] Media Packet Received
[2026-06-21 23:02:00] Media Packet Received
[2026-06-21 23:02:00] Media Packet Received
[2026-06-21 23:02:00] Media Packet Received
[2026-06-21 23:02:00] Media Packet Received
[2026-06-21 23:02:00] Media Packet Received
[2026-06-21 23:02:00] Media Packet Received
[2026-06-21 23:02:00] Media Packet Received
[2026-06-21 23:02:00] Media Packet Received
[2026-06-21 23:02:00] Media Packet Received
[2026-06-21 23:02:00] Media Packet Received
[2026-06-21 23:02:00] Media Packet Received
[2026-06-21 23:02:00] Media Packet Received
[2026-06-21 23:02:00] Media Packet Received
[2026-06-21 23:02:00] Media Packet Received
[2026-06-21 23:02:00] Media Packet Received
[2026-06-21 23:02:00] Media Packet Received
[2026-06-21 23:02:00] Media Packet Received
[2026-06-21 23:02:00] Media Packet Received
[2026-06-21 23:02:00] Media Packet Received
[2026-06-21 23:02:00] Media Packet Received
[2026-06-21 23:02:00] Media Packet Received
[2026-06-21 23:02:00] Media Packet Received
[2026-06-21 23:02:00] Media Packet Received
[2026-06-21 23:02:00] Media Packet Received
[2026-06-21 23:02:00] Media Packet Received
[2026-06-21 23:02:01] Media Packet Received
[2026-06-21 23:02:01] Media Packet Received
[2026-06-21 23:02:01] Media Packet Received
[2026-06-21 23:02:01] Media Packet Received
[2026-06-21 23:02:01] Media Packet Received
[2026-06-21 23:02:01] Media Packet Received
[2026-06-21 23:02:01] Media Packet Received
[2026-06-21 23:02:01] Media Packet Received
[2026-06-21 23:02:01] Media Packet Received
[2026-06-21 23:02:01] Media Packet Received
[2026-06-21 23:02:01] Media Packet Received
[2026-06-21 23:02:01] Media Packet Received
[2026-06-21 23:02:01] Media Packet Received
[2026-06-21 23:02:01] Media Packet Received
[2026-06-21 23:02:01] Media Packet Received
[2026-06-21 23:02:01] Media Packet Received
[2026-06-21 23:02:01] Media Packet Received
[2026-06-21 23:02:01] Media Packet Received
[2026-06-21 23:02:01] Media Packet Received
[2026-06-21 23:02:01] Media Packet Received
[2026-06-21 23:02:01] Media Packet Received
[2026-06-21 23:02:01] Media Packet Received
[2026-06-21 23:02:01] Media Packet Received
[2026-06-21 23:02:01] Media Packet Received
[2026-06-21 23:02:01] Media Packet Received
[2026-06-21 23:02:01] Media Packet Received
[2026-06-21 23:02:01] Media Packet Received
[2026-06-21 23:02:01] Media Packet Received
[2026-06-21 23:02:01] Media Packet Received
[2026-06-21 23:02:01] Media Packet Received
[2026-06-21 23:02:01] Media Packet Received
[2026-06-21 23:02:01] Media Packet Received
[2026-06-21 23:02:01] Media Packet Received
[2026-06-21 23:02:01] Media Packet Received
[2026-06-21 23:02:01] Media Packet Received
[2026-06-21 23:02:01] Media Packet Received
[2026-06-21 23:02:01] Media Packet Received
[2026-06-21 23:02:01] Media Packet Received
[2026-06-21 23:02:01] Media Packet Received
[2026-06-21 23:02:01] Media Packet Received
[2026-06-21 23:02:01] Media Packet Received
[2026-06-21 23:02:01] Media Packet Received
[2026-06-21 23:02:01] Media Packet Received
[2026-06-21 23:02:01] Media Packet Received
[2026-06-21 23:02:01] Media Packet Received
[2026-06-21 23:02:01] Media Packet Received
[2026-06-21 23:02:01] Media Packet Received
[2026-06-21 23:02:01] Media Packet Received
[2026-06-21 23:02:01] Media Packet Received
[2026-06-21 23:02:01] Media Packet Received
[2026-06-21 23:02:01] Media Packet Received
[2026-06-21 23:02:02] Media Packet Received
[2026-06-21 23:02:02] Media Packet Received
[2026-06-21 23:02:02] Media Packet Received
[2026-06-21 23:02:02] Media Packet Received
[2026-06-21 23:02:02] Media Packet Received
[2026-06-21 23:02:02] Media Packet Received
[2026-06-21 23:02:02] Media Packet Received
[2026-06-21 23:02:02] Media Packet Received
[2026-06-21 23:02:02] Media Packet Received
[2026-06-21 23:02:02] Media Packet Received
[2026-06-21 23:02:02] Media Packet Received
[2026-06-21 23:02:02] Media Packet Received
[2026-06-21 23:02:02] Media Packet Received
[2026-06-21 23:02:02] Media Packet Received
[2026-06-21 23:02:02] Media Packet Received
[2026-06-21 23:02:02] Media Packet Received
[2026-06-21 23:02:02] Media Packet Received
[2026-06-21 23:02:02] Media Packet Received
[2026-06-21 23:02:02] Media Packet Received
[2026-06-21 23:02:02] Media Packet Received
[2026-06-21 23:02:02] Media Packet Received
[2026-06-21 23:02:02] Media Packet Received
[2026-06-21 23:02:02] Media Packet Received
[2026-06-21 23:02:02] Media Packet Received
[2026-06-21 23:02:02] Media Packet Received
[2026-06-21 23:02:02] Media Packet Received
[2026-06-21 23:02:02] Media Packet Received
[2026-06-21 23:02:02] Media Packet Received
[2026-06-21 23:02:02] Media Packet Received
[2026-06-21 23:02:02] Media Packet Received
[2026-06-21 23:02:02] Media Packet Received
[2026-06-21 23:02:02] Media Packet Received
[2026-06-21 23:02:02] Media Packet Received
[2026-06-21 23:02:02] Media Packet Received
[2026-06-21 23:02:02] Media Packet Received
[2026-06-21 23:02:02] Media Packet Received
[2026-06-21 23:02:02] Media Packet Received
[2026-06-21 23:02:02] Media Packet Received
[2026-06-21 23:02:02] Media Packet Received
[2026-06-21 23:02:02] Media Packet Received
[2026-06-21 23:02:02] Media Packet Received
[2026-06-21 23:02:02] Media Packet Received
[2026-06-21 23:02:02] Media Packet Received
[2026-06-21 23:02:02] Media Packet Received
[2026-06-21 23:02:02] Media Packet Received
[2026-06-21 23:02:02] Media Packet Received
[2026-06-21 23:02:02] Media Packet Received
[2026-06-21 23:02:02] Media Packet Received
[2026-06-21 23:02:02] Media Packet Received
[2026-06-21 23:02:03] Media Packet Received
[2026-06-21 23:02:03] Media Packet Received
[2026-06-21 23:02:03] Media Packet Received
[2026-06-21 23:02:03] Media Packet Received
[2026-06-21 23:02:03] Media Packet Received
[2026-06-21 23:02:03] Media Packet Received
[2026-06-21 23:02:03] Media Packet Received
[2026-06-21 23:02:03] Media Packet Received
[2026-06-21 23:02:03] Media Packet Received
[2026-06-21 23:02:03] Media Packet Received
[2026-06-21 23:02:03] Media Packet Received
[2026-06-21 23:02:03] Media Packet Received
[2026-06-21 23:02:03] Media Packet Received
[2026-06-21 23:02:03] Media Packet Received
[2026-06-21 23:02:03] Media Packet Received
[2026-06-21 23:02:03] Media Packet Received
[2026-06-21 23:02:03] Media Packet Received
[2026-06-21 23:02:03] Media Packet Received
[2026-06-21 23:02:03] Media Packet Received
[2026-06-21 23:02:03] Media Packet Received
[2026-06-21 23:02:03] Media Packet Received
[2026-06-21 23:02:03] Media Packet Received
[2026-06-21 23:02:03] Media Packet Received
[2026-06-21 23:02:03] Media Packet Received
[2026-06-21 23:02:03] Media Packet Received
[2026-06-21 23:02:03] Media Packet Received
[2026-06-21 23:02:03] Media Packet Received
[2026-06-21 23:02:03] Media Packet Received
[2026-06-21 23:02:03] Media Packet Received
[2026-06-21 23:02:03] Media Packet Received
[2026-06-21 23:02:03] Media Packet Received
[2026-06-21 23:02:03] Media Packet Received
[2026-06-21 23:02:03] Media Packet Received
[2026-06-21 23:02:03] Media Packet Received
[2026-06-21 23:02:03] Media Packet Received
[2026-06-21 23:02:03] Media Packet Received
[2026-06-21 23:02:03] Media Packet Received
[2026-06-21 23:02:03] Media Packet Received
[2026-06-21 23:02:03] Media Packet Received
[2026-06-21 23:02:03] Media Packet Received
[2026-06-21 23:02:03] Media Packet Received
[2026-06-21 23:02:03] Media Packet Received
[2026-06-21 23:02:03] Media Packet Received
[2026-06-21 23:02:03] Media Packet Received
[2026-06-21 23:02:03] Media Packet Received
[2026-06-21 23:02:03] Media Packet Received
[2026-06-21 23:02:03] Media Packet Received
[2026-06-21 23:02:03] Media Packet Received
[2026-06-21 23:02:03] Media Packet Received
[2026-06-21 23:02:03] Media Packet Received
[2026-06-21 23:02:03] Media Packet Received
[2026-06-21 23:02:04] Media Packet Received
[2026-06-21 23:02:04] Media Packet Received
[2026-06-21 23:02:04] Media Packet Received
[2026-06-21 23:02:04] Media Packet Received
[2026-06-21 23:02:04] Media Packet Received
[2026-06-21 23:02:04] Media Packet Received
[2026-06-21 23:02:04] Media Packet Received
[2026-06-21 23:02:04] Media Packet Received
[2026-06-21 23:02:04] Media Packet Received
[2026-06-21 23:02:04] Media Packet Received
[2026-06-21 23:02:04] Media Packet Received
[2026-06-21 23:02:04] Media Packet Received
[2026-06-21 23:02:04] Media Packet Received
[2026-06-21 23:02:04] Media Packet Received
[2026-06-21 23:02:04] Media Packet Received
[2026-06-21 23:02:04] Media Packet Received
[2026-06-21 23:02:04] Media Packet Received
[2026-06-21 23:02:04] Media Packet Received
[2026-06-21 23:02:04] Media Packet Received
[2026-06-21 23:02:04] Media Packet Received
[2026-06-21 23:02:04] Media Packet Received
[2026-06-21 23:02:04] Media Packet Received
[2026-06-21 23:02:04] Media Packet Received
[2026-06-21 23:02:04] Media Packet Received
[2026-06-21 23:02:04] Media Packet Received
[2026-06-21 23:02:04] Media Packet Received
[2026-06-21 23:02:04] Media Packet Received
[2026-06-21 23:02:04] Media Packet Received
[2026-06-21 23:02:04] Media Packet Received
[2026-06-21 23:02:04] Media Packet Received
[2026-06-21 23:02:04] Media Packet Received
[2026-06-21 23:02:04] Media Packet Received
[2026-06-21 23:02:04] Media Packet Received
[2026-06-21 23:02:04] Media Packet Received
[2026-06-21 23:02:04] Media Packet Received
[2026-06-21 23:02:04] Media Packet Received
[2026-06-21 23:02:04] Media Packet Received
[2026-06-21 23:02:04] Media Packet Received
[2026-06-21 23:02:04] Media Packet Received
[2026-06-21 23:02:04] Media Packet Received
[2026-06-21 23:02:04] Media Packet Received
[2026-06-21 23:02:04] Media Packet Received
[2026-06-21 23:02:04] Media Packet Received
[2026-06-21 23:02:04] Media Packet Received
[2026-06-21 23:02:04] Media Packet Received
[2026-06-21 23:02:04] Media Packet Received
[2026-06-21 23:02:04] Media Packet Received
[2026-06-21 23:02:04] Media Packet Received
[2026-06-21 23:02:04] Media Packet Received
[2026-06-21 23:02:05] Media Packet Received
[2026-06-21 23:02:05] Media Packet Received
[2026-06-21 23:02:05] Media Packet Received
[2026-06-21 23:02:05] Media Packet Received
[2026-06-21 23:02:05] Media Packet Received
[2026-06-21 23:02:05] Media Packet Received
[2026-06-21 23:02:05] Media Packet Received
[2026-06-21 23:02:05] Media Packet Received
[2026-06-21 23:02:05] Media Packet Received
[2026-06-21 23:02:05] Media Packet Received
[2026-06-21 23:02:05] Media Packet Received
[2026-06-21 23:02:05] Media Packet Received
[2026-06-21 23:02:05] Media Packet Received
[2026-06-21 23:02:05] Media Packet Received
[2026-06-21 23:02:05] Media Packet Received
[2026-06-21 23:02:05] Media Packet Received
[2026-06-21 23:02:05] Media Packet Received
[2026-06-21 23:02:05] Media Packet Received
[2026-06-21 23:02:05] Media Packet Received
[2026-06-21 23:02:05] Media Packet Received
[2026-06-21 23:02:05] Media Packet Received
[2026-06-21 23:02:05] Media Packet Received
[2026-06-21 23:02:05] Media Packet Received
[2026-06-21 23:02:05] Media Packet Received
[2026-06-21 23:02:05] Media Packet Received
[2026-06-21 23:02:05] Media Packet Received
[2026-06-21 23:02:05] Media Packet Received
[2026-06-21 23:02:05] Media Packet Received
[2026-06-21 23:02:05] Media Packet Received
[2026-06-21 23:02:05] Media Packet Received
[2026-06-21 23:02:05] Media Packet Received
[2026-06-21 23:02:05] Media Packet Received
[2026-06-21 23:02:05] Media Packet Received
[2026-06-21 23:02:05] Media Packet Received
[2026-06-21 23:02:05] Media Packet Received
[2026-06-21 23:02:05] Media Packet Received
[2026-06-21 23:02:05] Media Packet Received
[2026-06-21 23:02:05] Media Packet Received
[2026-06-21 23:02:05] Media Packet Received
[2026-06-21 23:02:05] Media Packet Received
[2026-06-21 23:02:05] Media Packet Received
[2026-06-21 23:02:05] Media Packet Received
[2026-06-21 23:02:05] Media Packet Received
[2026-06-21 23:02:05] Media Packet Received
[2026-06-21 23:02:05] Media Packet Received
[2026-06-21 23:02:05] Media Packet Received
[2026-06-21 23:02:05] Media Packet Received
[2026-06-21 23:02:05] Media Packet Received
[2026-06-21 23:02:05] Media Packet Received
[2026-06-21 23:02:05] Media Packet Received
[2026-06-21 23:02:06] Media Packet Received
[2026-06-21 23:02:06] Media Packet Received
[2026-06-21 23:02:06] Media Packet Received
[2026-06-21 23:02:06] Media Packet Received
[2026-06-21 23:02:06] Media Packet Received
[2026-06-21 23:02:06] Media Packet Received
[2026-06-21 23:02:06] Media Packet Received
[2026-06-21 23:02:06] Media Packet Received
[2026-06-21 23:02:06] Media Packet Received
[2026-06-21 23:02:06] Media Packet Received
[2026-06-21 23:02:06] Media Packet Received
[2026-06-21 23:02:06] Media Packet Received
[2026-06-21 23:02:06] Media Packet Received
[2026-06-21 23:02:06] Media Packet Received
[2026-06-21 23:02:06] Media Packet Received
[2026-06-21 23:02:06] Media Packet Received
[2026-06-21 23:02:06] Media Packet Received
[2026-06-21 23:02:06] Media Packet Received
[2026-06-21 23:02:06] Media Packet Received
[2026-06-21 23:02:06] Media Packet Received
[2026-06-21 23:02:06] Media Packet Received
[2026-06-21 23:02:06] Media Packet Received
[2026-06-21 23:02:06] Media Packet Received
[2026-06-21 23:02:06] Media Packet Received
[2026-06-21 23:02:06] Media Packet Received
[2026-06-21 23:02:06] Media Packet Received
[2026-06-21 23:02:06] Media Packet Received
[2026-06-21 23:02:06] Media Packet Received
[2026-06-21 23:02:06] Media Packet Received
[2026-06-21 23:02:06] Media Packet Received
[2026-06-21 23:02:06] Media Packet Received
[2026-06-21 23:02:06] Media Packet Received
[2026-06-21 23:02:06] Media Packet Received
[2026-06-21 23:02:06] Media Packet Received
[2026-06-21 23:02:06] Media Packet Received
[2026-06-21 23:02:06] Media Packet Received
[2026-06-21 23:02:06] Media Packet Received
[2026-06-21 23:02:06] Media Packet Received
[2026-06-21 23:02:06] Media Packet Received
[2026-06-21 23:02:06] Media Packet Received
[2026-06-21 23:02:06] Media Packet Received
[2026-06-21 23:02:06] Media Packet Received
[2026-06-21 23:02:06] Media Packet Received
[2026-06-21 23:02:06] Media Packet Received
[2026-06-21 23:02:06] Media Packet Received
[2026-06-21 23:02:06] Media Packet Received
[2026-06-21 23:02:06] Media Packet Received
[2026-06-21 23:02:06] Media Packet Received
[2026-06-21 23:02:06] Media Packet Received
[2026-06-21 23:02:06] Media Packet Received
[2026-06-21 23:02:06] Media Packet Received
[2026-06-21 23:02:07] Media Packet Received
[2026-06-21 23:02:07] Media Packet Received
[2026-06-21 23:02:07] Media Packet Received
[2026-06-21 23:02:07] Media Packet Received
[2026-06-21 23:02:07] Media Packet Received
[2026-06-21 23:02:07] Media Packet Received
[2026-06-21 23:02:07] Media Packet Received
[2026-06-21 23:02:07] Media Packet Received
[2026-06-21 23:02:07] Media Packet Received
[2026-06-21 23:02:07] Media Packet Received
[2026-06-21 23:02:07] Media Packet Received
[2026-06-21 23:02:07] Media Packet Received
[2026-06-21 23:02:07] Media Packet Received
[2026-06-21 23:02:07] Media Packet Received
[2026-06-21 23:02:07] Media Packet Received
[2026-06-21 23:02:07] Media Packet Received
[2026-06-21 23:02:07] Media Packet Received
[2026-06-21 23:02:07] Media Packet Received
[2026-06-21 23:02:07] Media Packet Received
[2026-06-21 23:02:07] Media Packet Received
[2026-06-21 23:02:07] Media Packet Received
[2026-06-21 23:02:07] Media Packet Received
[2026-06-21 23:02:07] Media Packet Received
[2026-06-21 23:02:07] Media Packet Received
[2026-06-21 23:02:07] Media Packet Received
[2026-06-21 23:02:07] Media Packet Received
[2026-06-21 23:02:07] Media Packet Received
[2026-06-21 23:02:07] Media Packet Received
[2026-06-21 23:02:07] Media Packet Received
[2026-06-21 23:02:07] Media Packet Received
[2026-06-21 23:02:07] Media Packet Received
[2026-06-21 23:02:07] Media Packet Received
[2026-06-21 23:02:07] Media Packet Received
[2026-06-21 23:02:07] Media Packet Received
[2026-06-21 23:02:07] Media Packet Received
[2026-06-21 23:02:07] Media Packet Received
[2026-06-21 23:02:07] Media Packet Received
[2026-06-21 23:02:07] Media Packet Received
[2026-06-21 23:02:07] Media Packet Received
[2026-06-21 23:02:07] Media Packet Received
[2026-06-21 23:02:07] Media Packet Received
[2026-06-21 23:02:07] Media Packet Received
[2026-06-21 23:02:07] Media Packet Received
[2026-06-21 23:02:07] Media Packet Received
[2026-06-21 23:02:07] Media Packet Received
[2026-06-21 23:02:07] Media Packet Received
[2026-06-21 23:02:07] Media Packet Received
[2026-06-21 23:02:07] Media Packet Received
[2026-06-21 23:02:07] Media Packet Received
[2026-06-21 23:02:07] Media Packet Received
[2026-06-21 23:02:08] Media Packet Received
[2026-06-21 23:02:08] Media Packet Received
[2026-06-21 23:02:08] Media Packet Received
[2026-06-21 23:02:08] Media Packet Received
[2026-06-21 23:02:08] Media Packet Received
[2026-06-21 23:02:08] Media Packet Received
[2026-06-21 23:02:08] Media Packet Received
[2026-06-21 23:02:08] Media Packet Received
[2026-06-21 23:02:08] Media Packet Received
[2026-06-21 23:02:08] Media Packet Received
[2026-06-21 23:02:08] Media Packet Received
[2026-06-21 23:02:08] Media Packet Received
[2026-06-21 23:02:08] Media Packet Received
[2026-06-21 23:02:08] Media Packet Received
[2026-06-21 23:02:08] Media Packet Received
[2026-06-21 23:02:08] Media Packet Received
[2026-06-21 23:02:08] Media Packet Received
[2026-06-21 23:02:08] Media Packet Received
[2026-06-21 23:02:08] Media Packet Received
[2026-06-21 23:02:08] Media Packet Received
[2026-06-21 23:02:08] Media Packet Received
[2026-06-21 23:02:08] Media Packet Received
[2026-06-21 23:02:08] Media Packet Received
[2026-06-21 23:02:08] Media Packet Received
[2026-06-21 23:02:08] Media Packet Received
[2026-06-21 23:02:08] Media Packet Received
[2026-06-21 23:02:08] Media Packet Received
[2026-06-21 23:02:08] Media Packet Received
[2026-06-21 23:02:08] Media Packet Received
[2026-06-21 23:02:08] Media Packet Received
[2026-06-21 23:02:08] Media Packet Received
[2026-06-21 23:02:08] Media Packet Received
[2026-06-21 23:02:08] Media Packet Received
[2026-06-21 23:02:08] Media Packet Received
[2026-06-21 23:02:08] Media Packet Received
[2026-06-21 23:02:08] Media Packet Received
[2026-06-21 23:02:08] Media Packet Received
[2026-06-21 23:02:08] Media Packet Received
[2026-06-21 23:02:08] Media Packet Received
[2026-06-21 23:02:08] Media Packet Received
[2026-06-21 23:02:08] Media Packet Received
[2026-06-21 23:02:08] Media Packet Received
[2026-06-21 23:02:08] Media Packet Received
[2026-06-21 23:02:08] Media Packet Received
[2026-06-21 23:02:08] Media Packet Received
[2026-06-21 23:02:08] Media Packet Received
[2026-06-21 23:02:08] Media Packet Received
[2026-06-21 23:02:08] Media Packet Received
[2026-06-21 23:02:08] Media Packet Received
[2026-06-21 23:02:08] Media Packet Received
[2026-06-21 23:02:09] Media Packet Received
[2026-06-21 23:02:09] Media Packet Received
[2026-06-21 23:02:09] Media Packet Received
[2026-06-21 23:02:09] Media Packet Received
[2026-06-21 23:02:09] Media Packet Received
[2026-06-21 23:02:09] Media Packet Received
[2026-06-21 23:02:09] Media Packet Received
[2026-06-21 23:02:09] Media Packet Received
[2026-06-21 23:02:09] Media Packet Received
[2026-06-21 23:02:09] Media Packet Received
[2026-06-21 23:02:09] Media Packet Received
[2026-06-21 23:02:09] Media Packet Received
[2026-06-21 23:02:09] Media Packet Received
[2026-06-21 23:02:09] Media Packet Received
[2026-06-21 23:02:09] Media Packet Received
[2026-06-21 23:02:09] Media Packet Received
[2026-06-21 23:02:09] Media Packet Received
[2026-06-21 23:02:09] Media Packet Received
[2026-06-21 23:02:09] Media Packet Received
[2026-06-21 23:02:09] Media Packet Received
[2026-06-21 23:02:09] Media Packet Received
[2026-06-21 23:02:09] Media Packet Received
[2026-06-21 23:02:09] Media Packet Received
[2026-06-21 23:02:09] Media Packet Received
[2026-06-21 23:02:09] Media Packet Received
[2026-06-21 23:02:09] Media Packet Received
[2026-06-21 23:02:09] Media Packet Received
[2026-06-21 23:02:09] Media Packet Received
[2026-06-21 23:02:09] Media Packet Received
[2026-06-21 23:02:09] Media Packet Received
[2026-06-21 23:02:09] Media Packet Received
[2026-06-21 23:02:09] Media Packet Received
[2026-06-21 23:02:09] Media Packet Received
[2026-06-21 23:02:09] Media Packet Received
[2026-06-21 23:02:09] Media Packet Received
[2026-06-21 23:02:09] Media Packet Received
[2026-06-21 23:02:09] Media Packet Received
[2026-06-21 23:02:09] Media Packet Received
[2026-06-21 23:02:09] Media Packet Received
[2026-06-21 23:02:09] Media Packet Received
[2026-06-21 23:02:09] Media Packet Received
[2026-06-21 23:02:09] Media Packet Received
[2026-06-21 23:02:09] Media Packet Received
[2026-06-21 23:02:09] Media Packet Received
[2026-06-21 23:02:09] Media Packet Received
[2026-06-21 23:02:09] Media Packet Received
[2026-06-21 23:02:09] Media Packet Received
[2026-06-21 23:02:09] Media Packet Received
[2026-06-21 23:02:09] Media Packet Received
[2026-06-21 23:02:09] Media Packet Received
[2026-06-21 23:02:10] Media Packet Received
[2026-06-21 23:02:10] Media Packet Received
[2026-06-21 23:02:10] Media Packet Received
[2026-06-21 23:02:10] Media Packet Received
[2026-06-21 23:02:10] Media Packet Received
[2026-06-21 23:02:10] Media Packet Received
[2026-06-21 23:02:10] Media Packet Received
[2026-06-21 23:02:10] Media Packet Received
[2026-06-21 23:02:10] Media Packet Received
[2026-06-21 23:02:10] Media Packet Received
[2026-06-21 23:02:10] Media Packet Received
[2026-06-21 23:02:10] Media Packet Received
[2026-06-21 23:02:10] Media Packet Received
[2026-06-21 23:02:10] Media Packet Received
[2026-06-21 23:02:10] Media Packet Received
[2026-06-21 23:02:10] Media Packet Received
[2026-06-21 23:02:10] Media Packet Received
[2026-06-21 23:02:10] Media Packet Received
[2026-06-21 23:02:10] Media Packet Received
[2026-06-21 23:02:10] Media Packet Received
[2026-06-21 23:02:10] Media Packet Received
[2026-06-21 23:02:10] Media Packet Received
[2026-06-21 23:02:10] Media Packet Received
[2026-06-21 23:02:10] Media Packet Received
[2026-06-21 23:02:10] Media Packet Received
[2026-06-21 23:02:10] Media Packet Received
[2026-06-21 23:02:10] Media Packet Received
[2026-06-21 23:02:10] Media Packet Received
[2026-06-21 23:02:10] Media Packet Received
[2026-06-21 23:02:10] Media Packet Received
[2026-06-21 23:02:10] Media Packet Received
[2026-06-21 23:02:10] Media Packet Received
[2026-06-21 23:02:10] Media Packet Received
[2026-06-21 23:02:10] Media Packet Received
[2026-06-21 23:02:10] Media Packet Received
[2026-06-21 23:02:10] Media Packet Received
[2026-06-21 23:02:10] Media Packet Received
[2026-06-21 23:02:10] Media Packet Received
[2026-06-21 23:02:10] Media Packet Received
[2026-06-21 23:02:10] Media Packet Received
[2026-06-21 23:02:10] Media Packet Received
[2026-06-21 23:02:10] Media Packet Received
[2026-06-21 23:02:10] Media Packet Received
[2026-06-21 23:02:10] Media Packet Received
[2026-06-21 23:02:10] Media Packet Received
[2026-06-21 23:02:10] Media Packet Received
[2026-06-21 23:02:10] Media Packet Received
[2026-06-21 23:02:10] Media Packet Received
[2026-06-21 23:02:10] Media Packet Received
[2026-06-21 23:02:10] Media Packet Received
[2026-06-21 23:02:11] Media Packet Received
[2026-06-21 23:02:11] Media Packet Received
[2026-06-21 23:02:11] Media Packet Received
[2026-06-21 23:02:11] Media Packet Received
[2026-06-21 23:02:11] Media Packet Received
[2026-06-21 23:02:11] Media Packet Received
[2026-06-21 23:02:11] Media Packet Received
[2026-06-21 23:02:11] Media Packet Received
[2026-06-21 23:02:11] Media Packet Received
[2026-06-21 23:02:11] Media Packet Received
[2026-06-21 23:02:11] Media Packet Received
[2026-06-21 23:02:11] Media Packet Received
[2026-06-21 23:02:11] Media Packet Received
[2026-06-21 23:02:11] Media Packet Received
[2026-06-21 23:02:11] Media Packet Received
[2026-06-21 23:02:11] Media Packet Received
[2026-06-21 23:02:11] Media Packet Received
[2026-06-21 23:02:11] Media Packet Received
[2026-06-21 23:02:11] Media Packet Received
[2026-06-21 23:02:11] Media Packet Received
[2026-06-21 23:02:11] Media Packet Received
[2026-06-21 23:02:11] Media Packet Received
[2026-06-21 23:02:11] Media Packet Received
[2026-06-21 23:02:11] Media Packet Received
[2026-06-21 23:02:11] Media Packet Received
[2026-06-21 23:02:11] Media Packet Received
[2026-06-21 23:02:11] Media Packet Received
[2026-06-21 23:02:11] Media Packet Received
[2026-06-21 23:02:11] Media Packet Received
[2026-06-21 23:02:11] Media Packet Received
[2026-06-21 23:02:11] Media Packet Received
[2026-06-21 23:02:11] Media Packet Received
[2026-06-21 23:02:11] Media Packet Received
[2026-06-21 23:02:11] Media Packet Received
[2026-06-21 23:02:11] Media Packet Received
[2026-06-21 23:02:11] Media Packet Received
[2026-06-21 23:02:11] Media Packet Received
[2026-06-21 23:02:11] Media Packet Received
[2026-06-21 23:02:11] Media Packet Received
[2026-06-21 23:02:11] Media Packet Received
[2026-06-21 23:02:11] Media Packet Received
[2026-06-21 23:02:11] Media Packet Received
[2026-06-21 23:02:11] Media Packet Received
[2026-06-21 23:02:11] Media Packet Received
[2026-06-21 23:02:11] Media Packet Received
[2026-06-21 23:02:11] Media Packet Received
[2026-06-21 23:02:11] Media Packet Received
[2026-06-21 23:02:11] Media Packet Received
[2026-06-21 23:02:11] Media Packet Received
[2026-06-21 23:02:12] Media Packet Received
[2026-06-21 23:02:12] Media Packet Received
[2026-06-21 23:02:12] Media Packet Received
[2026-06-21 23:02:12] Media Packet Received
[2026-06-21 23:02:12] Media Packet Received
[2026-06-21 23:02:12] Media Packet Received
[2026-06-21 23:02:12] Media Packet Received
[2026-06-21 23:02:12] Media Packet Received
[2026-06-21 23:02:12] Media Packet Received
[2026-06-21 23:02:12] Media Packet Received
[2026-06-21 23:02:12] Media Packet Received
[2026-06-21 23:02:12] Media Packet Received
[2026-06-21 23:02:12] Media Packet Received
[2026-06-21 23:02:12] Media Packet Received
[2026-06-21 23:02:12] Media Packet Received
[2026-06-21 23:02:12] Media Packet Received
[2026-06-21 23:02:12] Media Packet Received
[2026-06-21 23:02:12] Media Packet Received
[2026-06-21 23:02:12] Media Packet Received
[2026-06-21 23:02:12] Media Packet Received
[2026-06-21 23:02:12] Media Packet Received
[2026-06-21 23:02:12] Media Packet Received
[2026-06-21 23:02:12] Media Packet Received
[2026-06-21 23:02:12] Media Packet Received
[2026-06-21 23:02:12] Media Packet Received
[2026-06-21 23:02:12] Media Packet Received
[2026-06-21 23:02:12] Media Packet Received
[2026-06-21 23:02:12] Media Packet Received
[2026-06-21 23:02:12] Media Packet Received
[2026-06-21 23:02:12] Media Packet Received
[2026-06-21 23:02:12] Media Packet Received
[2026-06-21 23:02:12] Media Packet Received
[2026-06-21 23:02:12] Media Packet Received
[2026-06-21 23:02:12] Media Packet Received
[2026-06-21 23:02:12] Media Packet Received
[2026-06-21 23:02:12] Media Packet Received
[2026-06-21 23:02:12] Media Packet Received
[2026-06-21 23:02:12] Media Packet Received
[2026-06-21 23:02:12] Media Packet Received
[2026-06-21 23:02:12] Media Packet Received
[2026-06-21 23:02:12] Media Packet Received
[2026-06-21 23:02:12] Media Packet Received
[2026-06-21 23:02:12] Media Packet Received
[2026-06-21 23:02:12] Media Packet Received
[2026-06-21 23:02:12] Media Packet Received
[2026-06-21 23:02:12] Media Packet Received
[2026-06-21 23:02:12] Media Packet Received
[2026-06-21 23:02:12] Media Packet Received
[2026-06-21 23:02:12] Media Packet Received
[2026-06-21 23:02:12] Media Packet Received
[2026-06-21 23:02:12] Media Packet Received
[2026-06-21 23:02:13] Media Packet Received
[2026-06-21 23:02:13] Media Packet Received
[2026-06-21 23:02:13] Media Packet Received
[2026-06-21 23:02:13] Media Packet Received
[2026-06-21 23:02:13] Media Packet Received
[2026-06-21 23:02:13] Media Packet Received
[2026-06-21 23:02:13] Media Packet Received
[2026-06-21 23:02:13] Media Packet Received
[2026-06-21 23:02:13] Media Packet Received
[2026-06-21 23:02:13] Media Packet Received
[2026-06-21 23:02:13] Media Packet Received
[2026-06-21 23:02:13] Media Packet Received
[2026-06-21 23:02:13] Media Packet Received
[2026-06-21 23:02:13] Media Packet Received
[2026-06-21 23:02:13] Media Packet Received
[2026-06-21 23:02:13] Media Packet Received
[2026-06-21 23:02:13] Media Packet Received
[2026-06-21 23:02:13] Media Packet Received
[2026-06-21 23:02:13] Media Packet Received
[2026-06-21 23:02:13] Media Packet Received
[2026-06-21 23:02:13] Media Packet Received
[2026-06-21 23:02:13] Media Packet Received
[2026-06-21 23:02:13] Media Packet Received
[2026-06-21 23:02:13] Media Packet Received
[2026-06-21 23:02:13] Media Packet Received
[2026-06-21 23:02:13] Media Packet Received
[2026-06-21 23:02:13] Media Packet Received
[2026-06-21 23:02:13] Media Packet Received
[2026-06-21 23:02:13] Media Packet Received
[2026-06-21 23:02:13] Media Packet Received
[2026-06-21 23:02:13] Media Packet Received
[2026-06-21 23:02:13] Media Packet Received
[2026-06-21 23:02:13] Media Packet Received
[2026-06-21 23:02:13] Media Packet Received
[2026-06-21 23:02:13] Media Packet Received
[2026-06-21 23:02:13] Media Packet Received
[2026-06-21 23:02:13] Media Packet Received
[2026-06-21 23:02:13] Media Packet Received
[2026-06-21 23:02:13] Media Packet Received
[2026-06-21 23:02:13] Media Packet Received
[2026-06-21 23:02:13] Media Packet Received
[2026-06-21 23:02:13] Media Packet Received
[2026-06-21 23:02:13] Media Packet Received
[2026-06-21 23:02:13] Media Packet Received
[2026-06-21 23:02:13] Media Packet Received
[2026-06-21 23:02:13] Media Packet Received
[2026-06-21 23:02:13] Media Packet Received
[2026-06-21 23:02:13] Media Packet Received
[2026-06-21 23:02:13] Media Packet Received
[2026-06-21 23:02:13] Media Packet Received
[2026-06-21 23:02:14] Media Packet Received
[2026-06-21 23:02:14] Media Packet Received
[2026-06-21 23:02:14] Media Packet Received
[2026-06-21 23:02:14] Media Packet Received
[2026-06-21 23:02:14] Media Packet Received
[2026-06-21 23:02:14] Media Packet Received
[2026-06-21 23:02:14] Media Packet Received
[2026-06-21 23:02:14] Media Packet Received
[2026-06-21 23:02:14] Media Packet Received
[2026-06-21 23:02:14] Media Packet Received
[2026-06-21 23:02:14] Media Packet Received
[2026-06-21 23:02:14] Media Packet Received
[2026-06-21 23:02:14] Media Packet Received
[2026-06-21 23:02:14] Media Packet Received
[2026-06-21 23:02:14] Media Packet Received
[2026-06-21 23:02:14] Media Packet Received
[2026-06-21 23:02:14] Media Packet Received
[2026-06-21 23:02:14] Media Packet Received
[2026-06-21 23:02:14] Media Packet Received
[2026-06-21 23:02:14] Media Packet Received
[2026-06-21 23:02:14] Media Packet Received
[2026-06-21 23:02:14] Media Packet Received
[2026-06-21 23:02:14] Media Packet Received
[2026-06-21 23:02:14] Media Packet Received
[2026-06-21 23:02:14] Media Packet Received
[2026-06-21 23:02:14] Media Packet Received
[2026-06-21 23:02:14] Media Packet Received
[2026-06-21 23:02:14] Media Packet Received
[2026-06-21 23:02:14] Media Packet Received
[2026-06-21 23:02:14] Media Packet Received
[2026-06-21 23:02:14] Media Packet Received
[2026-06-21 23:02:14] Media Packet Received
[2026-06-21 23:02:14] Media Packet Received
[2026-06-21 23:02:14] Media Packet Received
[2026-06-21 23:02:14] Media Packet Received
[2026-06-21 23:02:14] Media Packet Received
[2026-06-21 23:02:14] Media Packet Received
[2026-06-21 23:02:14] Media Packet Received
[2026-06-21 23:02:14] Media Packet Received
[2026-06-21 23:02:14] Media Packet Received
[2026-06-21 23:02:14] Media Packet Received
[2026-06-21 23:02:14] Media Packet Received
[2026-06-21 23:02:14] Media Packet Received
[2026-06-21 23:02:14] Media Packet Received
[2026-06-21 23:02:14] Media Packet Received
[2026-06-21 23:02:14] Media Packet Received
[2026-06-21 23:02:14] Media Packet Received
[2026-06-21 23:02:14] Media Packet Received
[2026-06-21 23:02:14] Media Packet Received
[2026-06-21 23:02:14] Media Packet Received
[2026-06-21 23:02:15] Media Packet Received
[2026-06-21 23:02:15] Media Packet Received
[2026-06-21 23:02:15] Media Packet Received
[2026-06-21 23:02:15] Media Packet Received
[2026-06-21 23:02:15] Media Packet Received
[2026-06-21 23:02:15] Media Packet Received
[2026-06-21 23:02:15] Media Packet Received
[2026-06-21 23:02:15] Media Packet Received
[2026-06-21 23:02:15] Media Packet Received
[2026-06-21 23:02:15] Media Packet Received
[2026-06-21 23:02:15] Media Packet Received
[2026-06-21 23:02:15] Media Packet Received
[2026-06-21 23:02:15] Media Packet Received
[2026-06-21 23:02:15] Media Packet Received
[2026-06-21 23:02:15] Media Packet Received
[2026-06-21 23:02:15] Media Packet Received
[2026-06-21 23:02:15] Media Packet Received
[2026-06-21 23:02:15] Media Packet Received
[2026-06-21 23:02:15] Media Packet Received
[2026-06-21 23:02:15] Media Packet Received
[2026-06-21 23:02:15] Media Packet Received
[2026-06-21 23:02:15] Media Packet Received
[2026-06-21 23:02:15] Media Packet Received
[2026-06-21 23:02:15] Media Packet Received
[2026-06-21 23:02:15] Media Packet Received
[2026-06-21 23:02:15] Media Packet Received
[2026-06-21 23:02:15] Media Packet Received
[2026-06-21 23:02:15] Media Packet Received
[2026-06-21 23:02:15] Media Packet Received
[2026-06-21 23:02:15] Media Packet Received
[2026-06-21 23:02:15] Media Packet Received
[2026-06-21 23:02:15] Media Packet Received
[2026-06-21 23:02:15] Media Packet Received
[2026-06-21 23:02:15] Media Packet Received
[2026-06-21 23:02:15] Media Packet Received
[2026-06-21 23:02:15] Media Packet Received
[2026-06-21 23:02:15] Media Packet Received
[2026-06-21 23:02:15] Media Packet Received
[2026-06-21 23:02:15] Media Packet Received
[2026-06-21 23:02:15] Media Packet Received
[2026-06-21 23:02:15] Media Packet Received
[2026-06-21 23:02:15] Media Packet Received
[2026-06-21 23:02:15] Media Packet Received
[2026-06-21 23:02:15] Media Packet Received
[2026-06-21 23:02:15] Media Packet Received
[2026-06-21 23:02:15] Media Packet Received
[2026-06-21 23:02:15] Media Packet Received
[2026-06-21 23:02:15] Media Packet Received
[2026-06-21 23:02:15] Media Packet Received
[2026-06-21 23:02:15] Media Packet Received
[2026-06-21 23:02:16] Media Packet Received
[2026-06-21 23:02:16] Media Packet Received
[2026-06-21 23:02:16] Media Packet Received
[2026-06-21 23:02:16] Media Packet Received
[2026-06-21 23:02:16] Media Packet Received
[2026-06-21 23:02:16] Media Packet Received
[2026-06-21 23:02:16] Media Packet Received
[2026-06-21 23:02:16] Media Packet Received
[2026-06-21 23:02:16] Media Packet Received
[2026-06-21 23:02:16] Media Packet Received
[2026-06-21 23:02:16] Media Packet Received
[2026-06-21 23:02:16] Media Packet Received
[2026-06-21 23:02:16] Media Packet Received
[2026-06-21 23:02:16] Media Packet Received
[2026-06-21 23:02:16] Media Packet Received
[2026-06-21 23:02:16] Media Packet Received
[2026-06-21 23:02:16] Media Packet Received
[2026-06-21 23:02:16] Media Packet Received
[2026-06-21 23:02:16] Media Packet Received
[2026-06-21 23:02:16] Media Packet Received
[2026-06-21 23:02:16] Media Packet Received
[2026-06-21 23:02:16] Media Packet Received
[2026-06-21 23:02:16] Media Packet Received
[2026-06-21 23:02:16] Media Packet Received
[2026-06-21 23:02:16] Media Packet Received
[2026-06-21 23:02:16] Media Packet Received
[2026-06-21 23:02:16] Media Packet Received
[2026-06-21 23:02:16] Media Packet Received
[2026-06-21 23:02:16] Media Packet Received
[2026-06-21 23:02:16] Media Packet Received
[2026-06-21 23:02:16] Media Packet Received
[2026-06-21 23:02:16] Media Packet Received
[2026-06-21 23:02:16] Media Packet Received
[2026-06-21 23:02:16] Media Packet Received
[2026-06-21 23:02:16] Media Packet Received
[2026-06-21 23:02:16] Media Packet Received
[2026-06-21 23:02:16] Media Packet Received
[2026-06-21 23:02:16] Media Packet Received
[2026-06-21 23:02:16] Media Packet Received
[2026-06-21 23:02:16] Media Packet Received
[2026-06-21 23:02:16] Media Packet Received
[2026-06-21 23:02:16] Media Packet Received
[2026-06-21 23:02:16] Media Packet Received
[2026-06-21 23:02:16] Media Packet Received
[2026-06-21 23:02:16] Media Packet Received
[2026-06-21 23:02:16] Media Packet Received
[2026-06-21 23:02:16] Media Packet Received
[2026-06-21 23:02:16] Media Packet Received
[2026-06-21 23:02:16] Media Packet Received
[2026-06-21 23:02:16] Media Packet Received
[2026-06-21 23:02:17] Media Packet Received
[2026-06-21 23:02:17] Media Packet Received
[2026-06-21 23:02:17] Media Packet Received
[2026-06-21 23:02:17] Media Packet Received
[2026-06-21 23:02:17] Media Packet Received
[2026-06-21 23:02:17] Media Packet Received
[2026-06-21 23:02:17] Media Packet Received
[2026-06-21 23:02:17] Media Packet Received
[2026-06-21 23:02:17] Media Packet Received
[2026-06-21 23:02:17] Media Packet Received
[2026-06-21 23:02:17] Media Packet Received
[2026-06-21 23:02:17] Media Packet Received
[2026-06-21 23:02:17] Media Packet Received
[2026-06-21 23:02:17] Media Packet Received
[2026-06-21 23:02:17] Media Packet Received
[2026-06-21 23:02:17] Media Packet Received
[2026-06-21 23:02:17] Media Packet Received
[2026-06-21 23:02:17] Media Packet Received
[2026-06-21 23:02:17] Media Packet Received
[2026-06-21 23:02:17] Media Packet Received
[2026-06-21 23:02:17] Media Packet Received
[2026-06-21 23:02:17] Media Packet Received
[2026-06-21 23:02:17] Media Packet Received
[2026-06-21 23:02:17] Media Packet Received
[2026-06-21 23:02:17] Media Packet Received
[2026-06-21 23:02:17] Media Packet Received
[2026-06-21 23:02:17] Media Packet Received
[2026-06-21 23:02:17] Media Packet Received
[2026-06-21 23:02:17] Media Packet Received
[2026-06-21 23:02:17] Media Packet Received
[2026-06-21 23:02:17] Media Packet Received
[2026-06-21 23:02:17] Media Packet Received
[2026-06-21 23:02:17] Media Packet Received
[2026-06-21 23:02:17] Media Packet Received
[2026-06-21 23:02:17] Media Packet Received
[2026-06-21 23:02:17] Media Packet Received
[2026-06-21 23:02:17] Media Packet Received
[2026-06-21 23:02:17] Media Packet Received
[2026-06-21 23:02:17] Media Packet Received
[2026-06-21 23:02:17] Media Packet Received
[2026-06-21 23:02:17] Media Packet Received
[2026-06-21 23:02:17] Media Packet Received
[2026-06-21 23:02:17] Media Packet Received
[2026-06-21 23:02:17] Media Packet Received
[2026-06-21 23:02:17] Media Packet Received
[2026-06-21 23:02:17] Media Packet Received
[2026-06-21 23:02:17] Media Packet Received
[2026-06-21 23:02:17] Media Packet Received
[2026-06-21 23:02:17] Media Packet Received
[2026-06-21 23:02:17] Media Packet Received
[2026-06-21 23:02:18] Media Packet Received
[2026-06-21 23:02:18] Media Packet Received
[2026-06-21 23:02:18] Media Packet Received
[2026-06-21 23:02:18] Media Packet Received
[2026-06-21 23:02:18] Media Packet Received
[2026-06-21 23:02:18] Media Packet Received
[2026-06-21 23:02:18] Media Packet Received
[2026-06-21 23:02:18] Media Packet Received
[2026-06-21 23:02:18] Media Packet Received
[2026-06-21 23:02:18] Media Packet Received
[2026-06-21 23:02:18] Media Packet Received
[2026-06-21 23:02:18] Media Packet Received
[2026-06-21 23:02:18] Media Packet Received
[2026-06-21 23:02:18] Media Packet Received
[2026-06-21 23:02:18] Media Packet Received
[2026-06-21 23:02:18] Media Packet Received
[2026-06-21 23:02:18] Media Packet Received
[2026-06-21 23:02:18] Media Packet Received
[2026-06-21 23:02:18] Media Packet Received
[2026-06-21 23:02:18] Media Packet Received
[2026-06-21 23:02:18] Media Packet Received
[2026-06-21 23:02:18] Media Packet Received
[2026-06-21 23:02:18] Media Packet Received
[2026-06-21 23:02:18] Media Packet Received
[2026-06-21 23:02:18] Media Packet Received
[2026-06-21 23:02:18] Media Packet Received
[2026-06-21 23:02:18] Media Packet Received
[2026-06-21 23:02:18] Media Packet Received
[2026-06-21 23:02:18] Media Packet Received
[2026-06-21 23:02:18] Media Packet Received
[2026-06-21 23:02:18] Media Packet Received
[2026-06-21 23:02:18] Media Packet Received
[2026-06-21 23:02:18] Media Packet Received
[2026-06-21 23:02:18] Media Packet Received
[2026-06-21 23:02:18] Media Packet Received
[2026-06-21 23:02:18] Media Packet Received
[2026-06-21 23:02:18] Media Packet Received
[2026-06-21 23:02:18] Media Packet Received
[2026-06-21 23:02:18] Media Packet Received
[2026-06-21 23:02:18] Media Packet Received
[2026-06-21 23:02:18] Media Packet Received
[2026-06-21 23:02:18] Media Packet Received
[2026-06-21 23:02:18] Media Packet Received
[2026-06-21 23:02:18] Media Packet Received
[2026-06-21 23:02:18] Media Packet Received
[2026-06-21 23:02:18] Media Packet Received
[2026-06-21 23:02:18] Media Packet Received
[2026-06-21 23:02:18] Media Packet Received
[2026-06-21 23:02:18] Media Packet Received
[2026-06-21 23:02:19] Media Packet Received
[2026-06-21 23:02:19] Media Packet Received
[2026-06-21 23:02:19] Media Packet Received
[2026-06-21 23:02:19] Media Packet Received
[2026-06-21 23:02:19] Media Packet Received
[2026-06-21 23:02:19] Media Packet Received
[2026-06-21 23:02:19] Media Packet Received
[2026-06-21 23:02:19] Media Packet Received
[2026-06-21 23:02:19] Media Packet Received
[2026-06-21 23:02:19] Media Packet Received
[2026-06-21 23:02:19] Media Packet Received
[2026-06-21 23:02:19] Media Packet Received
[2026-06-21 23:02:19] Media Packet Received
[2026-06-21 23:02:19] Media Packet Received
[2026-06-21 23:02:19] Media Packet Received
[2026-06-21 23:02:19] Media Packet Received
[2026-06-21 23:02:19] Media Packet Received
[2026-06-21 23:02:19] Media Packet Received
[2026-06-21 23:02:19] Media Packet Received
[2026-06-21 23:02:19] Media Packet Received
[2026-06-21 23:02:19] Media Packet Received
[2026-06-21 23:02:19] Media Packet Received
[2026-06-21 23:02:19] Media Packet Received
[2026-06-21 23:02:19] Media Packet Received
[2026-06-21 23:02:19] Media Packet Received
[2026-06-21 23:02:19] Media Packet Received
[2026-06-21 23:02:19] Media Packet Received
[2026-06-21 23:02:19] Media Packet Received
[2026-06-21 23:02:19] Media Packet Received
[2026-06-21 23:02:19] Media Packet Received
[2026-06-21 23:02:19] Media Packet Received
[2026-06-21 23:02:19] Media Packet Received
[2026-06-21 23:02:19] Media Packet Received
[2026-06-21 23:02:19] Media Packet Received
[2026-06-21 23:02:19] Media Packet Received
[2026-06-21 23:02:19] Media Packet Received
[2026-06-21 23:02:19] Media Packet Received
[2026-06-21 23:02:19] Media Packet Received
[2026-06-21 23:02:19] Media Packet Received
[2026-06-21 23:02:19] Media Packet Received
[2026-06-21 23:02:19] Media Packet Received
[2026-06-21 23:02:19] Media Packet Received
[2026-06-21 23:02:19] Media Packet Received
[2026-06-21 23:02:19] Media Packet Received
[2026-06-21 23:02:19] Media Packet Received
[2026-06-21 23:02:19] Media Packet Received
[2026-06-21 23:02:19] Media Packet Received
[2026-06-21 23:02:19] Media Packet Received
[2026-06-21 23:02:19] Media Packet Received
[2026-06-21 23:02:19] Media Packet Received
[2026-06-21 23:02:20] Media Packet Received
[2026-06-21 23:02:20] Media Packet Received
[2026-06-21 23:02:20] Media Packet Received
[2026-06-21 23:02:20] Media Packet Received
[2026-06-21 23:02:20] Media Packet Received
[2026-06-21 23:02:20] Media Packet Received
[2026-06-21 23:02:20] Media Packet Received
[2026-06-21 23:02:20] Media Packet Received
[2026-06-21 23:02:20] Media Packet Received
[2026-06-21 23:02:20] Media Packet Received
[2026-06-21 23:02:20] Media Packet Received
[2026-06-21 23:02:20] Media Packet Received
[2026-06-21 23:02:20] Media Packet Received
[2026-06-21 23:02:20] Media Packet Received
[2026-06-21 23:02:20] Media Packet Received
[2026-06-21 23:02:20] Media Packet Received
[2026-06-21 23:02:20] Media Packet Received
[2026-06-21 23:02:20] Media Packet Received
[2026-06-21 23:02:20] Media Packet Received
[2026-06-21 23:02:20] Media Packet Received
[2026-06-21 23:02:20] Media Packet Received
[2026-06-21 23:02:20] Media Packet Received
[2026-06-21 23:02:20] Media Packet Received
[2026-06-21 23:02:20] Media Packet Received
[2026-06-21 23:02:20] Media Packet Received
[2026-06-21 23:02:20] Media Packet Received
[2026-06-21 23:02:20] Media Packet Received
[2026-06-21 23:02:20] Media Packet Received
[2026-06-21 23:02:20] Media Packet Received
[2026-06-21 23:02:20] Media Packet Received
[2026-06-21 23:02:20] Media Packet Received
[2026-06-21 23:02:20] Media Packet Received
[2026-06-21 23:02:20] Media Packet Received
[2026-06-21 23:02:20] Media Packet Received
[2026-06-21 23:02:20] Media Packet Received
[2026-06-21 23:02:20] Media Packet Received
[2026-06-21 23:02:20] Media Packet Received
[2026-06-21 23:02:20] Media Packet Received
[2026-06-21 23:02:20] Media Packet Received
[2026-06-21 23:02:20] Media Packet Received
[2026-06-21 23:02:20] Media Packet Received
[2026-06-21 23:02:20] Media Packet Received
[2026-06-21 23:02:20] Media Packet Received
[2026-06-21 23:02:20] Media Packet Received
[2026-06-21 23:02:20] Media Packet Received
[2026-06-21 23:02:20] Media Packet Received
[2026-06-21 23:02:20] Media Packet Received
[2026-06-21 23:02:20] Media Packet Received
[2026-06-21 23:02:20] Media Packet Received
[2026-06-21 23:02:20] Media Packet Received
[2026-06-21 23:02:20] Media Packet Received
[2026-06-21 23:02:21] Media Packet Received
[2026-06-21 23:02:21] Media Packet Received
[2026-06-21 23:02:21] Media Packet Received
[2026-06-21 23:02:21] Media Packet Received
[2026-06-21 23:02:21] Media Packet Received
[2026-06-21 23:02:21] Media Packet Received
[2026-06-21 23:02:21] Media Packet Received
[2026-06-21 23:02:21] Media Packet Received
[2026-06-21 23:02:21] Media Packet Received
[2026-06-21 23:02:21] Media Packet Received
[2026-06-21 23:02:21] Media Packet Received
[2026-06-21 23:02:21] Media Packet Received
[2026-06-21 23:02:21] Media Packet Received
[2026-06-21 23:02:21] Media Packet Received
[2026-06-21 23:02:21] Media Packet Received
[2026-06-21 23:02:21] Media Packet Received
[2026-06-21 23:02:21] Media Packet Received
[2026-06-21 23:02:21] Media Packet Received
[2026-06-21 23:02:21] Media Packet Received
[2026-06-21 23:02:21] Media Packet Received
[2026-06-21 23:02:21] Media Packet Received
[2026-06-21 23:02:21] Media Packet Received
[2026-06-21 23:02:21] Media Packet Received
[2026-06-21 23:02:21] Media Packet Received
[2026-06-21 23:02:21] Media Packet Received
[2026-06-21 23:02:21] Media Packet Received
[2026-06-21 23:02:21] Media Packet Received
[2026-06-21 23:02:21] Media Packet Received
[2026-06-21 23:02:21] Media Packet Received
[2026-06-21 23:02:21] Media Packet Received
[2026-06-21 23:02:21] Media Packet Received
[2026-06-21 23:02:21] Media Packet Received
[2026-06-21 23:02:21] Media Packet Received
[2026-06-21 23:02:21] Media Packet Received
[2026-06-21 23:02:21] Media Packet Received
[2026-06-21 23:02:21] Media Packet Received
[2026-06-21 23:02:21] Media Packet Received
[2026-06-21 23:02:21] Media Packet Received
[2026-06-21 23:02:21] Media Packet Received
[2026-06-21 23:02:21] Media Packet Received
[2026-06-21 23:02:21] Media Packet Received
[2026-06-21 23:02:21] Media Packet Received
[2026-06-21 23:02:21] Media Packet Received
[2026-06-21 23:02:21] Media Packet Received
[2026-06-21 23:02:21] Media Packet Received
[2026-06-21 23:02:21] Media Packet Received
[2026-06-21 23:02:21] Media Packet Received
[2026-06-21 23:02:21] Media Packet Received
[2026-06-21 23:02:21] Media Packet Received
[2026-06-21 23:02:21] Media Packet Received
[2026-06-21 23:02:22] Media Packet Received
[2026-06-21 23:02:22] Media Packet Received
[2026-06-21 23:02:22] Media Packet Received
[2026-06-21 23:02:22] Media Packet Received
[2026-06-21 23:02:22] Media Packet Received
[2026-06-21 23:02:22] Media Packet Received
[2026-06-21 23:02:22] Media Packet Received
[2026-06-21 23:02:22] Media Packet Received
[2026-06-21 23:02:22] Media Packet Received
[2026-06-21 23:02:22] Media Packet Received
[2026-06-21 23:02:22] Media Packet Received
[2026-06-21 23:02:22] Media Packet Received
[2026-06-21 23:02:22] Media Packet Received
[2026-06-21 23:02:22] Media Packet Received
[2026-06-21 23:02:22] Media Packet Received
[2026-06-21 23:02:22] Media Packet Received
[2026-06-21 23:02:22] Media Packet Received
[2026-06-21 23:02:22] Media Packet Received
[2026-06-21 23:02:22] Media Packet Received
[2026-06-21 23:02:22] Media Packet Received
[2026-06-21 23:02:22] Media Packet Received
[2026-06-21 23:02:22] Media Packet Received
[2026-06-21 23:02:22] Media Packet Received
[2026-06-21 23:02:22] Media Packet Received
[2026-06-21 23:02:22] Media Packet Received
[2026-06-21 23:02:22] Media Packet Received
[2026-06-21 23:02:22] Media Packet Received
[2026-06-21 23:02:22] Media Packet Received
[2026-06-21 23:02:22] Media Packet Received
[2026-06-21 23:02:22] Media Packet Received
[2026-06-21 23:02:22] Media Packet Received
[2026-06-21 23:02:22] Media Packet Received
[2026-06-21 23:02:22] Media Packet Received
[2026-06-21 23:02:22] Media Packet Received
[2026-06-21 23:02:22] Media Packet Received
[2026-06-21 23:02:22] Media Packet Received
[2026-06-21 23:02:22] Media Packet Received
[2026-06-21 23:02:22] Media Packet Received
[2026-06-21 23:02:22] Media Packet Received
[2026-06-21 23:02:22] Media Packet Received
[2026-06-21 23:02:22] Media Packet Received
[2026-06-21 23:02:22] Media Packet Received
[2026-06-21 23:02:22] Media Packet Received
[2026-06-21 23:02:22] Media Packet Received
[2026-06-21 23:02:22] Media Packet Received
[2026-06-21 23:02:22] Media Packet Received
[2026-06-21 23:02:22] Media Packet Received
[2026-06-21 23:02:22] Media Packet Received
[2026-06-21 23:02:22] Media Packet Received
[2026-06-21 23:02:22] Media Packet Received
[2026-06-21 23:02:23] Media Packet Received
[2026-06-21 23:02:23] Media Packet Received
[2026-06-21 23:02:23] Media Packet Received
[2026-06-21 23:02:23] Media Packet Received
[2026-06-21 23:02:23] Media Packet Received
[2026-06-21 23:02:23] Media Packet Received
[2026-06-21 23:02:23] Media Packet Received
[2026-06-21 23:02:23] Media Packet Received
[2026-06-21 23:02:23] Media Packet Received
[2026-06-21 23:02:23] Media Packet Received
[2026-06-21 23:02:23] Media Packet Received
[2026-06-21 23:02:23] Media Packet Received
[2026-06-21 23:02:23] Media Packet Received
[2026-06-21 23:02:23] Media Packet Received
[2026-06-21 23:02:23] Media Packet Received
[2026-06-21 23:02:23] Media Packet Received
[2026-06-21 23:02:23] Media Packet Received
[2026-06-21 23:02:23] Media Packet Received
[2026-06-21 23:02:23] Media Packet Received
[2026-06-21 23:02:23] Media Packet Received
[2026-06-21 23:02:23] Media Packet Received
[2026-06-21 23:02:23] Media Packet Received
[2026-06-21 23:02:23] Media Packet Received
[2026-06-21 23:02:23] Media Packet Received
[2026-06-21 23:02:23] Media Packet Received
[2026-06-21 23:02:23] Media Packet Received
[2026-06-21 23:02:23] Media Packet Received
[2026-06-21 23:02:23] Media Packet Received
[2026-06-21 23:02:23] Media Packet Received
[2026-06-21 23:02:23] Media Packet Received
[2026-06-21 23:02:23] Media Packet Received
[2026-06-21 23:02:23] Media Packet Received
[2026-06-21 23:02:23] Media Packet Received
[2026-06-21 23:02:23] Media Packet Received
[2026-06-21 23:02:23] Media Packet Received
[2026-06-21 23:02:23] Media Packet Received
[2026-06-21 23:02:23] Media Packet Received
[2026-06-21 23:02:23] Media Packet Received
[2026-06-21 23:02:23] Media Packet Received
[2026-06-21 23:02:23] Media Packet Received
[2026-06-21 23:02:23] Media Packet Received
[2026-06-21 23:02:23] Media Packet Received
[2026-06-21 23:02:23] Media Packet Received
[2026-06-21 23:02:23] Media Packet Received
[2026-06-21 23:02:23] Media Packet Received
[2026-06-21 23:02:23] Media Packet Received
[2026-06-21 23:02:23] Media Packet Received
[2026-06-21 23:02:23] Media Packet Received
[2026-06-21 23:02:23] Media Packet Received
[2026-06-21 23:02:23] Media Packet Received
[2026-06-21 23:02:24] Media Packet Received
[2026-06-21 23:02:24] Media Packet Received
[2026-06-21 23:02:24] Media Packet Received
[2026-06-21 23:02:24] Media Packet Received
[2026-06-21 23:02:24] Media Packet Received
[2026-06-21 23:02:24] Media Packet Received
[2026-06-21 23:02:24] Media Packet Received
[2026-06-21 23:02:24] Media Packet Received
[2026-06-21 23:02:24] Media Packet Received
[2026-06-21 23:02:24] Media Packet Received
[2026-06-21 23:02:24] Media Packet Received
[2026-06-21 23:02:24] Media Packet Received
[2026-06-21 23:02:24] Media Packet Received
[2026-06-21 23:02:24] Media Packet Received
[2026-06-21 23:02:24] Media Packet Received
[2026-06-21 23:02:24] Media Packet Received
[2026-06-21 23:02:24] Media Packet Received
[2026-06-21 23:02:24] Media Packet Received
[2026-06-21 23:02:24] Media Packet Received
[2026-06-21 23:02:24] Media Packet Received
[2026-06-21 23:02:24] Media Packet Received
[2026-06-21 23:02:24] Media Packet Received
[2026-06-21 23:02:24] Media Packet Received
[2026-06-21 23:02:24] Media Packet Received
[2026-06-21 23:02:24] Media Packet Received
[2026-06-21 23:02:24] Media Packet Received
[2026-06-21 23:02:24] Media Packet Received
[2026-06-21 23:02:24] Media Packet Received
[2026-06-21 23:02:24] Media Packet Received
[2026-06-21 23:02:24] Media Packet Received
[2026-06-21 23:02:24] Media Packet Received
[2026-06-21 23:02:24] Media Packet Received
[2026-06-21 23:02:24] Media Packet Received
[2026-06-21 23:02:24] Media Packet Received
[2026-06-21 23:02:24] Media Packet Received
[2026-06-21 23:02:24] Media Packet Received
[2026-06-21 23:02:24] Media Packet Received
[2026-06-21 23:02:24] Media Packet Received
[2026-06-21 23:02:24] Media Packet Received
[2026-06-21 23:02:24] Media Packet Received
[2026-06-21 23:02:24] Media Packet Received
[2026-06-21 23:02:24] Media Packet Received
[2026-06-21 23:02:24] Media Packet Received
[2026-06-21 23:02:24] Media Packet Received
[2026-06-21 23:02:24] Media Packet Received
[2026-06-21 23:02:24] Media Packet Received
[2026-06-21 23:02:24] Media Packet Received
[2026-06-21 23:02:24] Media Packet Received
[2026-06-21 23:02:24] Media Packet Received
[2026-06-21 23:02:25] Media Packet Received
[2026-06-21 23:02:25] Media Packet Received
[2026-06-21 23:02:25] Media Packet Received
[2026-06-21 23:02:25] Media Packet Received
[2026-06-21 23:02:25] Media Packet Received
[2026-06-21 23:02:25] Media Packet Received
[2026-06-21 23:02:25] Media Packet Received
[2026-06-21 23:02:25] Media Packet Received
[2026-06-21 23:02:25] Media Packet Received
[2026-06-21 23:02:25] Media Packet Received
[2026-06-21 23:02:25] Media Packet Received
[2026-06-21 23:02:25] Media Packet Received
[2026-06-21 23:02:25] Media Packet Received
[2026-06-21 23:02:25] Media Packet Received
[2026-06-21 23:02:25] Media Packet Received
[2026-06-21 23:02:25] Media Packet Received
[2026-06-21 23:02:25] Media Packet Received
[2026-06-21 23:02:25] Media Packet Received
[2026-06-21 23:02:25] Media Packet Received
[2026-06-21 23:02:25] Media Packet Received
[2026-06-21 23:02:25] Media Packet Received
[2026-06-21 23:02:25] Media Packet Received
[2026-06-21 23:02:25] Media Packet Received
[2026-06-21 23:02:25] Media Packet Received
[2026-06-21 23:02:25] Media Packet Received
[2026-06-21 23:02:25] Media Packet Received
[2026-06-21 23:02:25] Media Packet Received
[2026-06-21 23:02:25] Media Packet Received
[2026-06-21 23:02:25] Media Packet Received
[2026-06-21 23:02:25] Media Packet Received
[2026-06-21 23:02:25] Media Packet Received
[2026-06-21 23:02:25] Media Packet Received
[2026-06-21 23:02:25] Media Packet Received
[2026-06-21 23:02:25] Media Packet Received
[2026-06-21 23:02:25] Media Packet Received
[2026-06-21 23:02:25] Media Packet Received
[2026-06-21 23:02:25] Media Packet Received
[2026-06-21 23:02:25] Media Packet Received
[2026-06-21 23:02:25] Media Packet Received
[2026-06-21 23:02:25] Media Packet Received
[2026-06-21 23:02:25] Media Packet Received
[2026-06-21 23:02:25] Media Packet Received
[2026-06-21 23:02:25] Media Packet Received
[2026-06-21 23:02:25] Media Packet Received
[2026-06-21 23:02:25] Media Packet Received
[2026-06-21 23:02:25] Media Packet Received
[2026-06-21 23:02:25] Media Packet Received
[2026-06-21 23:02:25] Media Packet Received
[2026-06-21 23:02:25] Media Packet Received
[2026-06-21 23:02:25] Media Packet Received
[2026-06-21 23:02:25] Media Packet Received
[2026-06-21 23:02:26] Media Packet Received
[2026-06-21 23:02:26] Media Packet Received
[2026-06-21 23:02:26] Media Packet Received
[2026-06-21 23:02:26] Media Packet Received
[2026-06-21 23:02:26] Media Packet Received
[2026-06-21 23:02:26] Media Packet Received
[2026-06-21 23:02:26] Media Packet Received
[2026-06-21 23:02:26] Media Packet Received
[2026-06-21 23:02:26] Media Packet Received
[2026-06-21 23:02:26] Media Packet Received
[2026-06-21 23:02:26] Media Packet Received
[2026-06-21 23:02:26] Media Packet Received
[2026-06-21 23:02:26] Media Packet Received
[2026-06-21 23:02:26] Media Packet Received
[2026-06-21 23:02:26] Media Packet Received
[2026-06-21 23:02:26] Media Packet Received
[2026-06-21 23:02:26] Media Packet Received
[2026-06-21 23:02:26] Media Packet Received
[2026-06-21 23:02:26] Media Packet Received
[2026-06-21 23:02:26] Media Packet Received
[2026-06-21 23:02:26] Media Packet Received
[2026-06-21 23:02:26] Media Packet Received
[2026-06-21 23:02:26] Media Packet Received
[2026-06-21 23:02:26] Media Packet Received
[2026-06-21 23:02:26] Media Packet Received
[2026-06-21 23:02:26] Media Packet Received
[2026-06-21 23:02:26] Media Packet Received
[2026-06-21 23:02:26] Media Packet Received
[2026-06-21 23:02:26] Media Packet Received
[2026-06-21 23:02:26] Media Packet Received
[2026-06-21 23:02:26] Media Packet Received
[2026-06-21 23:02:26] Media Packet Received
[2026-06-21 23:02:26] Media Packet Received
[2026-06-21 23:02:26] Media Packet Received
[2026-06-21 23:02:26] Media Packet Received
[2026-06-21 23:02:26] Media Packet Received
[2026-06-21 23:02:26] Media Packet Received
[2026-06-21 23:02:26] Media Packet Received
[2026-06-21 23:02:26] Media Packet Received
[2026-06-21 23:02:26] Media Packet Received
[2026-06-21 23:02:26] Media Packet Received
[2026-06-21 23:02:26] Media Packet Received
[2026-06-21 23:02:26] Media Packet Received
[2026-06-21 23:02:26] Media Packet Received
[2026-06-21 23:02:26] Media Packet Received
[2026-06-21 23:02:26] Media Packet Received
[2026-06-21 23:02:26] Media Packet Received
[2026-06-21 23:02:26] Media Packet Received
[2026-06-21 23:02:26] Media Packet Received
[2026-06-21 23:02:26] Media Packet Received
[2026-06-21 23:02:27] Media Packet Received
[2026-06-21 23:02:27] Media Packet Received
[2026-06-21 23:02:27] Media Packet Received
[2026-06-21 23:02:27] Media Packet Received
[2026-06-21 23:02:27] Media Packet Received
[2026-06-21 23:02:27] Media Packet Received
[2026-06-21 23:02:27] Media Packet Received
[2026-06-21 23:02:27] Media Packet Received
[2026-06-21 23:02:27] Media Packet Received
[2026-06-21 23:02:27] Media Packet Received
[2026-06-21 23:02:27] Media Packet Received
[2026-06-21 23:02:27] Media Packet Received
[2026-06-21 23:02:27] Media Packet Received
[2026-06-21 23:02:27] Media Packet Received
[2026-06-21 23:02:27] Media Packet Received
[2026-06-21 23:02:27] Media Packet Received
[2026-06-21 23:02:27] Media Packet Received
[2026-06-21 23:02:27] Media Packet Received
[2026-06-21 23:02:27] Media Packet Received
[2026-06-21 23:02:27] Media Packet Received
[2026-06-21 23:02:27] Media Packet Received
[2026-06-21 23:02:27] Media Packet Received
[2026-06-21 23:02:27] Media Packet Received
[2026-06-21 23:02:27] Media Packet Received
[2026-06-21 23:02:27] Media Packet Received
[2026-06-21 23:02:27] Media Packet Received
[2026-06-21 23:02:27] Media Packet Received
[2026-06-21 23:02:27] Media Packet Received
[2026-06-21 23:02:27] Media Packet Received
[2026-06-21 23:02:27] Media Packet Received
[2026-06-21 23:02:27] Media Packet Received
[2026-06-21 23:02:27] Media Packet Received
[2026-06-21 23:02:27] Media Packet Received
[2026-06-21 23:02:27] Media Packet Received
[2026-06-21 23:02:27] Media Packet Received
[2026-06-21 23:02:27] Media Packet Received
[2026-06-21 23:02:27] Media Packet Received
[2026-06-21 23:02:27] Media Packet Received
[2026-06-21 23:02:27] Media Packet Received
[2026-06-21 23:02:27] Media Packet Received
[2026-06-21 23:02:27] Media Packet Received
[2026-06-21 23:02:27] Media Packet Received
[2026-06-21 23:02:27] Media Packet Received
[2026-06-21 23:02:27] Media Packet Received
[2026-06-21 23:02:27] Media Packet Received
[2026-06-21 23:02:27] Media Packet Received
[2026-06-21 23:02:27] Media Packet Received
[2026-06-21 23:02:27] Media Packet Received
[2026-06-21 23:02:27] Media Packet Received
[2026-06-21 23:02:27] Media Packet Received
[2026-06-21 23:02:28] Media Packet Received
[2026-06-21 23:02:28] Media Packet Received
[2026-06-21 23:02:28] Media Packet Received
[2026-06-21 23:02:28] Media Packet Received
[2026-06-21 23:02:28] Media Packet Received
[2026-06-21 23:02:28] Media Packet Received
[2026-06-21 23:02:28] Media Packet Received
[2026-06-21 23:02:28] Media Packet Received
[2026-06-21 23:02:28] Media Packet Received
[2026-06-21 23:02:28] Media Packet Received
[2026-06-21 23:02:28] Media Packet Received
[2026-06-21 23:02:28] Media Packet Received
[2026-06-21 23:02:28] Media Packet Received
[2026-06-21 23:02:28] Media Packet Received
[2026-06-21 23:02:28] Media Packet Received
[2026-06-21 23:02:28] Media Packet Received
[2026-06-21 23:02:28] Media Packet Received
[2026-06-21 23:02:28] Media Packet Received
[2026-06-21 23:02:28] Media Packet Received
[2026-06-21 23:02:28] Media Packet Received
[2026-06-21 23:02:28] Media Packet Received
[2026-06-21 23:02:28] Media Packet Received
[2026-06-21 23:02:28] Media Packet Received
[2026-06-21 23:02:28] Media Packet Received
[2026-06-21 23:02:28] Media Packet Received
[2026-06-21 23:02:28] Media Packet Received
[2026-06-21 23:02:28] Media Packet Received
[2026-06-21 23:02:28] Media Packet Received
[2026-06-21 23:02:28] Media Packet Received
[2026-06-21 23:02:28] Media Packet Received
[2026-06-21 23:02:28] Media Packet Received
[2026-06-21 23:02:28] Media Packet Received
[2026-06-21 23:02:28] Media Packet Received
[2026-06-21 23:02:28] Media Packet Received
[2026-06-21 23:02:28] Media Packet Received
[2026-06-21 23:02:28] Media Packet Received
[2026-06-21 23:02:28] Media Packet Received
[2026-06-21 23:02:28] Media Packet Received
[2026-06-21 23:02:28] Media Packet Received
[2026-06-21 23:02:28] Media Packet Received
[2026-06-21 23:02:28] Media Packet Received
[2026-06-21 23:02:28] Media Packet Received
[2026-06-21 23:02:28] Media Packet Received
[2026-06-21 23:02:28] Media Packet Received
[2026-06-21 23:02:28] Media Packet Received
[2026-06-21 23:02:28] Media Packet Received
[2026-06-21 23:02:28] Media Packet Received
[2026-06-21 23:02:28] Media Packet Received
[2026-06-21 23:02:28] Media Packet Received
[2026-06-21 23:02:28] Media Packet Received
[2026-06-21 23:02:29] Media Packet Received
[2026-06-21 23:02:29] Media Packet Received
[2026-06-21 23:02:29] Media Packet Received
[2026-06-21 23:02:29] Media Packet Received
[2026-06-21 23:02:29] Media Packet Received
[2026-06-21 23:02:29] Media Packet Received
[2026-06-21 23:02:29] Media Packet Received
[2026-06-21 23:02:29] Media Packet Received
[2026-06-21 23:02:29] Media Packet Received
[2026-06-21 23:02:29] Media Packet Received
[2026-06-21 23:02:29] Media Packet Received
[2026-06-21 23:02:29] Media Packet Received
[2026-06-21 23:02:29] Media Packet Received
[2026-06-21 23:02:29] Media Packet Received
[2026-06-21 23:02:29] Media Packet Received
[2026-06-21 23:02:29] Media Packet Received
[2026-06-21 23:02:29] Media Packet Received
[2026-06-21 23:02:29] Media Packet Received
[2026-06-21 23:02:29] Media Packet Received
[2026-06-21 23:02:29] Media Packet Received
[2026-06-21 23:02:29] Media Packet Received
[2026-06-21 23:02:29] Media Packet Received
[2026-06-21 23:02:29] Media Packet Received
[2026-06-21 23:02:29] Media Packet Received
[2026-06-21 23:02:29] Media Packet Received
[2026-06-21 23:02:29] Media Packet Received
[2026-06-21 23:02:29] Media Packet Received
[2026-06-21 23:02:29] Media Packet Received
[2026-06-21 23:02:29] Media Packet Received
[2026-06-21 23:02:29] Media Packet Received
[2026-06-21 23:02:29] Media Packet Received
[2026-06-21 23:02:29] Media Packet Received
[2026-06-21 23:02:29] Media Packet Received
[2026-06-21 23:02:29] Media Packet Received
[2026-06-21 23:02:29] Media Packet Received
[2026-06-21 23:02:29] Media Packet Received
[2026-06-21 23:02:29] Media Packet Received
[2026-06-21 23:02:29] Media Packet Received
[2026-06-21 23:02:29] Media Packet Received
[2026-06-21 23:02:29] Media Packet Received
[2026-06-21 23:02:29] Media Packet Received
[2026-06-21 23:02:29] Media Packet Received
[2026-06-21 23:02:29] Media Packet Received
[2026-06-21 23:02:29] Media Packet Received
[2026-06-21 23:02:29] Media Packet Received
[2026-06-21 23:02:29] Media Packet Received
[2026-06-21 23:02:29] Media Packet Received
[2026-06-21 23:02:29] Media Packet Received
[2026-06-21 23:02:29] Media Packet Received
[2026-06-21 23:02:29] Media Packet Received
[2026-06-21 23:02:30] Media Packet Received
[2026-06-21 23:02:30] Media Packet Received
[2026-06-21 23:02:30] Media Packet Received
[2026-06-21 23:02:30] Media Packet Received
[2026-06-21 23:02:30] Media Packet Received
[2026-06-21 23:02:30] Media Packet Received
[2026-06-21 23:02:30] Media Packet Received
[2026-06-21 23:02:30] Media Packet Received
[2026-06-21 23:02:30] Media Packet Received
[2026-06-21 23:02:30] Media Packet Received
[2026-06-21 23:02:30] Media Packet Received
[2026-06-21 23:02:30] Media Packet Received
[2026-06-21 23:02:30] Media Packet Received
[2026-06-21 23:02:30] Media Packet Received
[2026-06-21 23:02:30] Media Packet Received
[2026-06-21 23:02:30] Media Packet Received
[2026-06-21 23:02:30] Media Packet Received
[2026-06-21 23:02:30] Media Packet Received
[2026-06-21 23:02:30] Media Packet Received
[2026-06-21 23:02:30] Media Packet Received
[2026-06-21 23:02:30] Media Packet Received
[2026-06-21 23:02:30] Media Packet Received
[2026-06-21 23:02:30] Media Packet Received
[2026-06-21 23:02:30] Media Packet Received
[2026-06-21 23:02:30] Media Packet Received
[2026-06-21 23:02:30] Media Packet Received
[2026-06-21 23:02:30] Media Packet Received
[2026-06-21 23:02:30] Media Packet Received
[2026-06-21 23:02:30] Media Packet Received
[2026-06-21 23:02:30] Media Packet Received
[2026-06-21 23:02:30] Media Packet Received
[2026-06-21 23:02:30] Media Packet Received
[2026-06-21 23:02:30] Media Packet Received
[2026-06-21 23:02:30] Media Packet Received
[2026-06-21 23:02:30] Media Packet Received
[2026-06-21 23:02:30] Media Packet Received
[2026-06-21 23:02:30] Media Packet Received
[2026-06-21 23:02:30] Media Packet Received
[2026-06-21 23:02:30] Media Packet Received
[2026-06-21 23:02:30] Media Packet Received
[2026-06-21 23:02:30] Media Packet Received
[2026-06-21 23:02:30] Media Packet Received
[2026-06-21 23:02:30] Media Packet Received
[2026-06-21 23:02:30] Media Packet Received
[2026-06-21 23:02:30] Media Packet Received
[2026-06-21 23:02:30] Media Packet Received
[2026-06-21 23:02:30] Media Packet Received
[2026-06-21 23:02:30] Media Packet Received
[2026-06-21 23:02:30] Media Packet Received
[2026-06-21 23:02:30] Media Packet Received
[2026-06-21 23:02:31] Media Packet Received
[2026-06-21 23:02:31] Media Packet Received
[2026-06-21 23:02:31] Media Packet Received
[2026-06-21 23:02:31] Media Packet Received
[2026-06-21 23:02:31] Media Packet Received
[2026-06-21 23:02:31] Media Packet Received
[2026-06-21 23:02:31] Media Packet Received
[2026-06-21 23:02:31] Media Packet Received
[2026-06-21 23:02:31] Media Packet Received
[2026-06-21 23:02:31] Media Packet Received
[2026-06-21 23:02:31] Media Packet Received
[2026-06-21 23:02:31] Media Packet Received
[2026-06-21 23:02:31] Media Packet Received
[2026-06-21 23:02:31] Media Packet Received
[2026-06-21 23:02:31] Media Packet Received
[2026-06-21 23:02:31] Media Packet Received
[2026-06-21 23:02:31] Media Packet Received
[2026-06-21 23:02:31] Media Packet Received
[2026-06-21 23:02:31] Media Packet Received
[2026-06-21 23:02:31] Media Packet Received
[2026-06-21 23:02:31] Media Packet Received
[2026-06-21 23:02:31] Media Packet Received
[2026-06-21 23:02:31] Media Packet Received
[2026-06-21 23:02:31] Media Packet Received
[2026-06-21 23:02:31] Media Packet Received
[2026-06-21 23:02:31] Media Packet Received
[2026-06-21 23:02:31] Media Packet Received
[2026-06-21 23:02:31] Media Packet Received
[2026-06-21 23:02:31] Media Packet Received
[2026-06-21 23:02:31] Media Packet Received
[2026-06-21 23:02:31] Media Packet Received
[2026-06-21 23:02:31] Media Packet Received
[2026-06-21 23:02:31] Media Packet Received
[2026-06-21 23:02:31] Media Packet Received
[2026-06-21 23:02:31] Media Packet Received
[2026-06-21 23:02:31] Media Packet Received
[2026-06-21 23:02:31] Media Packet Received
[2026-06-21 23:02:31] Media Packet Received
[2026-06-21 23:02:31] Media Packet Received
[2026-06-21 23:02:31] Media Packet Received
[2026-06-21 23:02:31] Media Packet Received
[2026-06-21 23:02:31] Media Packet Received
[2026-06-21 23:02:31] Media Packet Received
[2026-06-21 23:02:31] Media Packet Received
[2026-06-21 23:02:31] Media Packet Received
[2026-06-21 23:02:31] Media Packet Received
[2026-06-21 23:02:31] Media Packet Received
[2026-06-21 23:02:31] Media Packet Received
[2026-06-21 23:02:31] Media Packet Received
[2026-06-21 23:02:31] Media Packet Received
[2026-06-21 23:02:32] Media Packet Received
[2026-06-21 23:02:32] Media Packet Received
[2026-06-21 23:02:32] Media Packet Received
[2026-06-21 23:02:32] Media Packet Received
[2026-06-21 23:02:32] Media Packet Received
[2026-06-21 23:02:32] Media Packet Received
[2026-06-21 23:02:32] Media Packet Received
[2026-06-21 23:02:32] Media Packet Received
[2026-06-21 23:02:32] Media Packet Received
[2026-06-21 23:02:32] Media Packet Received
[2026-06-21 23:02:32] Media Packet Received
[2026-06-21 23:02:32] Media Packet Received
[2026-06-21 23:02:32] Media Packet Received
[2026-06-21 23:02:32] Media Packet Received
[2026-06-21 23:02:32] Media Packet Received
[2026-06-21 23:02:32] Media Packet Received
[2026-06-21 23:02:32] Media Packet Received
[2026-06-21 23:02:32] Media Packet Received
[2026-06-21 23:02:32] Media Packet Received
[2026-06-21 23:02:32] Media Packet Received
[2026-06-21 23:02:32] Media Packet Received
[2026-06-21 23:02:32] Media Packet Received
[2026-06-21 23:02:32] Media Packet Received
[2026-06-21 23:02:32] Media Packet Received
[2026-06-21 23:02:32] Media Packet Received
[2026-06-21 23:02:32] Media Packet Received
[2026-06-21 23:02:32] Media Packet Received
[2026-06-21 23:02:32] Media Packet Received
[2026-06-21 23:02:32] Media Packet Received
[2026-06-21 23:02:32] Media Packet Received
[2026-06-21 23:02:32] Media Packet Received
[2026-06-21 23:02:32] Media Packet Received
[2026-06-21 23:02:32] Media Packet Received
[2026-06-21 23:02:32] Stream Stopped
[2026-06-21 23:02:33] WebSocket Disconnected
